/*M!999999\- enable the sandbox mode */ 
-- MariaDB dump 10.19  Distrib 10.5.29-MariaDB, for debian-linux-gnu (x86_64)
--
-- Host: localhost    Database: expenses_pessoal
-- ------------------------------------------------------
-- Server version	10.5.29-MariaDB-0+deb11u1

/*!40101 SET @OLD_CHARACTER_SET_CLIENT=@@CHARACTER_SET_CLIENT */;
/*!40101 SET @OLD_CHARACTER_SET_RESULTS=@@CHARACTER_SET_RESULTS */;
/*!40101 SET @OLD_COLLATION_CONNECTION=@@COLLATION_CONNECTION */;
/*!40101 SET NAMES utf8mb4 */;
/*!40103 SET @OLD_TIME_ZONE=@@TIME_ZONE */;
/*!40103 SET TIME_ZONE='+00:00' */;
/*!40014 SET @OLD_UNIQUE_CHECKS=@@UNIQUE_CHECKS, UNIQUE_CHECKS=0 */;
/*!40014 SET @OLD_FOREIGN_KEY_CHECKS=@@FOREIGN_KEY_CHECKS, FOREIGN_KEY_CHECKS=0 */;
/*!40101 SET @OLD_SQL_MODE=@@SQL_MODE, SQL_MODE='NO_AUTO_VALUE_ON_ZERO' */;
/*!40111 SET @OLD_SQL_NOTES=@@SQL_NOTES, SQL_NOTES=0 */;

--
-- Table structure for table `attachments`
--

DROP TABLE IF EXISTS `attachments`;
/*!40101 SET @saved_cs_client     = @@character_set_client */;
/*!40101 SET character_set_client = utf8mb4 */;
CREATE TABLE `attachments` (
  `id` int(11) NOT NULL AUTO_INCREMENT,
  `transaction_id` int(11) NOT NULL,
  `file_path` varchar(255) NOT NULL,
  PRIMARY KEY (`id`),
  KEY `transaction_id` (`transaction_id`),
  CONSTRAINT `fk_attachments_transaction` FOREIGN KEY (`transaction_id`) REFERENCES `transactions` (`id`) ON DELETE CASCADE
) ENGINE=InnoDB AUTO_INCREMENT=117 DEFAULT CHARSET=utf8mb4 COLLATE=utf8mb4_unicode_ci;
/*!40101 SET character_set_client = @saved_cs_client */;

--
-- Dumping data for table `attachments`
--

LOCK TABLES `attachments` WRITE;
/*!40000 ALTER TABLE `attachments` DISABLE KEYS */;
INSERT INTO `attachments` VALUES (1,1,'uploads/68b97e5118e956.12294866.pdf'),(2,2,'uploads/68b97e95f0fbe9.27786088.pdf'),(3,3,'uploads/68b97ee34dcf83.31020739.pdf'),(4,4,'uploads/68b97f0d948855.31559378.pdf'),(5,5,'uploads/68b97faea4ed89.13017871.pdf'),(6,8,'uploads/68b8c0400cbe09.59515764.pdf'),(7,10,'uploads/68b8c0686551b8.72264581.pdf'),(8,11,'uploads/68b8c08dbb7dd5.42336111.pdf'),(9,12,'uploads/68b8c0b0ab4fb2.21785967.pdf'),(10,13,'uploads/68b8c0d9af04f0.36249863.pdf'),(11,14,'uploads/68b8c101ceadd8.58576580.pdf'),(12,16,'uploads/68b8c12b64aca8.09227514.pdf'),(13,18,'uploads/68b8712a11c9e4.15511677.pdf'),(14,19,'uploads/68baead509a966.46345194.pdf'),(15,509,'uploads/68b870ae91bf15.75802002.pdf'),(16,77,'uploads/68b8723db348f4.34721483.pdf'),(17,78,'uploads/68b872b7295c66.04276053.pdf'),(18,79,'uploads/68b872f1de9305.07505614.pdf'),(19,80,'uploads/68b87311e6bd08.93604336.pdf'),(20,81,'uploads/68b8733b9f7886.40806351.pdf'),(21,82,'uploads/68b8736b79fd75.49618909.pdf'),(22,83,'uploads/68b873a32def85.01166972.pdf'),(23,84,'uploads/68b873c898e451.97185100.pdf'),(24,85,'uploads/68b873e95cde33.79873801.pdf'),(25,86,'uploads/68b87406244fe9.38372433.pdf'),(26,87,'uploads/68b87431702140.04791279.pdf'),(27,288,'uploads/68b97b84594fd9.57710264.pdf'),(28,289,'uploads/68b97bdaee9429.08659720.pdf'),(29,290,'uploads/68b97c144d3816.77325949.pdf'),(30,291,'uploads/68b97c3b8e2181.57814087.pdf'),(31,292,'uploads/68b97c66a80596.98869916.pdf'),(32,293,'uploads/68b97c997c9849.28844776.pdf'),(33,294,'uploads/68b97cc060be02.88917593.pdf'),(34,295,'uploads/68b97ceecd7815.46831026.pdf'),(35,296,'uploads/68b97d310e72b3.71617884.pdf'),(36,297,'uploads/68b97d6c839ce8.23793671.pdf'),(37,298,'uploads/68b97d931948c2.66142863.pdf'),(38,299,'uploads/68b97dda06e6f3.99078663.pdf'),(39,300,'uploads/68b9802beb70c6.96568397.pdf'),(40,301,'uploads/68b98054a7f505.01640707.pdf'),(41,379,'uploads/68b9aa9765deb9.39873278.pdf'),(42,380,'uploads/68b9aac1d9c1e3.41385310.pdf'),(43,381,'uploads/68b9aafc5e2f06.87399029.pdf'),(44,382,'uploads/68b9ab29245554.00225366.pdf'),(45,383,'uploads/68b9ab531a8047.58017354.pdf'),(46,384,'uploads/68b9ab7b02cfb3.94864360.pdf'),(47,385,'uploads/68b9aba36279c9.09189026.pdf'),(48,386,'uploads/68b9abc904ac67.49703236.pdf'),(49,387,'uploads/68b9abff5cca86.69676813.pdf'),(50,388,'uploads/68b9ac21c167c9.54613664.pdf'),(51,389,'uploads/68b9ac43b25522.13352722.pdf'),(52,390,'uploads/68b9ac6bce4a55.30812627.pdf'),(53,391,'uploads/68b9acd785f378.79071155.pdf'),(54,392,'uploads/68b9ae86d63012.91434708.pdf'),(55,393,'uploads/68b9aeccd90c37.35752633.pdf'),(56,394,'uploads/68b9af01c3aa90.75647699.pdf'),(57,395,'uploads/68b9af90df7af3.03868627.pdf'),(58,396,'uploads/68b9afdb7ed9b0.95458587.pdf'),(59,397,'uploads/68b9b007c4f054.91291598.pdf'),(60,398,'uploads/68b9b02ae9ceb6.49641534.pdf'),(61,399,'uploads/68b9b06507c411.11943624.pdf'),(62,400,'uploads/68b9b08c19a938.19601336.pdf'),(63,401,'uploads/68b9b0acdd3762.93523503.pdf'),(64,402,'uploads/68b9b0dbefcf89.49535308.pdf'),(65,403,'uploads/68b9b11f6ad576.46526595.pdf'),(66,493,'uploads/68bad6c0506606.98897142.pdf'),(67,494,'uploads/68bad7a8435e22.59701642.pdf'),(68,495,'uploads/68baec337ac223.57225560.pdf'),(69,496,'uploads/68baecccb5d113.82378079.pdf'),(70,497,'uploads/68baed336c7387.24163497.pdf'),(71,498,'uploads/68baed951f0b08.81708786.pdf'),(72,499,'uploads/68baedef8eb652.60824694.pdf'),(74,503,'uploads/68baeec8be9b13.50594727.pdf'),(75,503,'uploads/68baeed8dfa5f3.77058982.pdf'),(76,504,'uploads/68baef384a8021.69507914.pdf'),(77,505,'uploads/68baf00a2c26d7.51892345.pdf'),(79,507,'uploads/68baf0d71464d8.29210214.pdf'),(80,508,'uploads/68baf12ecc9b41.03282851.pdf'),(81,509,'uploads/68bb10282390e8.33542261.pdf'),(83,512,'uploads/68bb13576d7225.83490446.pdf'),(86,537,'uploads/68bb2a27a853f6.78792462.pdf'),(87,537,'uploads/68bb2b3e71afb2.92244492.pdf'),(88,539,'uploads/68bb2b96bcadb9.02581575.pdf'),(89,540,'uploads/68bb2c616b67d8.53280921.pdf'),(90,541,'uploads/68bb2cded52a46.04513411.pdf'),(91,542,'uploads/68bb2ed113d6a3.81935046.pdf'),(92,542,'uploads/68bb2f04c29883.63698040.pdf'),(93,542,'uploads/68bb2f27487d11.05394643.pdf'),(94,545,'uploads/68bb2f76b40fe9.84523867.pdf'),(97,545,'uploads/68bf0f52d22f80.09727248.pdf'),(98,545,'uploads/68bf0f52d23a35.22892504.pdf'),(99,577,'uploads/68c2b05c339a12.85548361.pdf'),(100,577,'uploads/68c2b05c3551f8.86102039.pdf'),(101,578,'uploads/68c2b12d4533d0.12532024.pdf'),(102,578,'uploads/68c2b12d4541b2.20881031.pdf'),(103,579,'uploads/68c2b16f681388.90489784.pdf'),(104,579,'uploads/68c2b16f682046.07323714.pdf'),(105,580,'uploads/68c2e3f3009ca4.90072540.pdf'),(106,583,'uploads/68c3050a18cbb7.44629826.pdf'),(107,584,'uploads/68c30593701e35.31539424.pdf'),(108,585,'uploads/68c3062ecc97b7.86563417.pdf'),(109,586,'uploads/68c30690561447.85907697.pdf'),(110,587,'uploads/68c3070e5031e2.72997668.pdf'),(111,588,'uploads/68c307cdd530e4.72607396.pdf'),(112,589,'uploads/68c30b890e0546.40279392.pdf'),(113,590,'uploads/68c30bcf1d4ad9.14812972.pdf'),(114,591,'uploads/68c30c011fa3b3.65750791.pdf'),(115,592,'uploads/68c30fbf0ffa99.35568136.pdf'),(116,593,'uploads/68c3ec6511ab52.68285934.pdf');
/*!40000 ALTER TABLE `attachments` ENABLE KEYS */;
UNLOCK TABLES;

--
-- Table structure for table `cost_centers`
--

DROP TABLE IF EXISTS `cost_centers`;
/*!40101 SET @saved_cs_client     = @@character_set_client */;
/*!40101 SET character_set_client = utf8mb4 */;
CREATE TABLE `cost_centers` (
  `id` int(11) NOT NULL AUTO_INCREMENT,
  `name` varchar(255) NOT NULL,
  PRIMARY KEY (`id`),
  UNIQUE KEY `name` (`name`)
) ENGINE=InnoDB AUTO_INCREMENT=10 DEFAULT CHARSET=utf8mb4 COLLATE=utf8mb4_unicode_ci;
/*!40101 SET character_set_client = @saved_cs_client */;

--
-- Dumping data for table `cost_centers`
--

LOCK TABLES `cost_centers` WRITE;
/*!40000 ALTER TABLE `cost_centers` DISABLE KEYS */;
INSERT INTO `cost_centers` VALUES (5,'Alimentação'),(1,'Casa'),(9,'Filipa'),(7,'Francisco'),(8,'Gustavo'),(3,'Lazer & Comms'),(4,'Outros'),(6,'Saúde'),(2,'Transportes');
/*!40000 ALTER TABLE `cost_centers` ENABLE KEYS */;
UNLOCK TABLES;

--
-- Table structure for table `loans`
--

DROP TABLE IF EXISTS `loans`;
/*!40101 SET @saved_cs_client     = @@character_set_client */;
/*!40101 SET character_set_client = utf8mb4 */;
CREATE TABLE `loans` (
  `id` int(11) NOT NULL AUTO_INCREMENT,
  `name` varchar(255) NOT NULL,
  `total_amount` decimal(10,2) NOT NULL,
  `monthly_payment` decimal(10,2) NOT NULL,
  `interest_rate` decimal(5,2) DEFAULT 0.00,
  `start_date` date NOT NULL,
  `end_date` date DEFAULT NULL,
  `cost_center` varchar(255) DEFAULT NULL,
  `subcategory` varchar(255) DEFAULT NULL,
  `sub_subcategory` varchar(255) DEFAULT NULL,
  `person` varchar(255) DEFAULT NULL,
  `created_at` timestamp NOT NULL DEFAULT current_timestamp(),
  PRIMARY KEY (`id`)
) ENGINE=InnoDB AUTO_INCREMENT=8 DEFAULT CHARSET=utf8mb4 COLLATE=utf8mb4_general_ci;
/*!40101 SET character_set_client = @saved_cs_client */;

--
-- Dumping data for table `loans`
--

LOCK TABLES `loans` WRITE;
/*!40000 ALTER TABLE `loans` DISABLE KEYS */;
INSERT INTO `loans` VALUES (7,'Obras Condomínio',11866.88,162.56,0.00,'2023-04-17','2029-04-17','0','Condomínio',NULL,'Gustavo','2025-09-04 11:12:31');
/*!40000 ALTER TABLE `loans` ENABLE KEYS */;
UNLOCK TABLES;

--
-- Table structure for table `subcategories`
--

DROP TABLE IF EXISTS `subcategories`;
/*!40101 SET @saved_cs_client     = @@character_set_client */;
/*!40101 SET character_set_client = utf8mb4 */;
CREATE TABLE `subcategories` (
  `id` int(11) NOT NULL AUTO_INCREMENT,
  `name` varchar(255) NOT NULL,
  `cost_center_id` int(11) NOT NULL,
  `parent_id` int(11) DEFAULT NULL,
  PRIMARY KEY (`id`),
  UNIQUE KEY `uq_category_path` (`cost_center_id`,`parent_id`,`name`),
  KEY `fk_parent_subcategory` (`parent_id`),
  CONSTRAINT `fk_parent_subcategory` FOREIGN KEY (`parent_id`) REFERENCES `subcategories` (`id`) ON DELETE SET NULL,
  CONSTRAINT `subcategories_ibfk_1` FOREIGN KEY (`cost_center_id`) REFERENCES `cost_centers` (`id`) ON DELETE CASCADE
) ENGINE=InnoDB AUTO_INCREMENT=73 DEFAULT CHARSET=utf8mb4 COLLATE=utf8mb4_unicode_ci;
/*!40101 SET character_set_client = @saved_cs_client */;

--
-- Dumping data for table `subcategories`
--

LOCK TABLES `subcategories` WRITE;
/*!40000 ALTER TABLE `subcategories` DISABLE KEYS */;
INSERT INTO `subcategories` VALUES (13,'Condomínio',1,NULL),(1,'Crédito Habitação',1,NULL),(2,'Energia & Água',1,NULL),(12,'Manutenção',1,NULL),(4,'Outros',1,NULL),(56,'Recheio',1,NULL),(31,'Prestações Cred Hab',1,1),(37,'Seguros Cred Hab',1,1),(49,'Água',1,2),(48,'Energia',1,2),(72,'Limpeza',1,12),(51,'Crédito Obras',1,13),(40,'Obras',1,13),(41,'Quotas',1,13),(50,'Seguros',1,13),(52,'Streaming',1,30),(53,'TV e Telefone',1,30),(58,'Electrodomésticos',1,56),(57,'Mobília e Decoração',1,56),(59,'Mota',2,NULL),(19,'Transportes Públicos',2,NULL),(63,'Combustível',2,59),(61,'GPS',2,59),(62,'Manutenção',2,59),(64,'Seguro',2,59),(5,'Cinema',3,NULL),(22,'Férias',3,NULL),(6,'Jantares',3,NULL),(7,'Outros',3,NULL),(54,'Quotas & Associações',3,NULL),(30,'TV e Comunicações',3,NULL),(55,'Clube de Leça',3,54),(8,'Donativos',4,NULL),(24,'Educação',4,NULL),(9,'Geral',4,NULL),(23,'Vestuário',4,NULL),(15,'Restauração',5,NULL),(14,'Supermercado',5,NULL),(16,'Take-away',5,NULL),(21,'Consultas',6,NULL),(20,'Farmácia',6,NULL),(29,'Comunicações e entretenimento',7,NULL),(26,'Educação',7,NULL),(68,'Saúde',7,NULL),(28,'Transportes',7,NULL),(27,'Vestuário',7,NULL),(36,'Centro Estudos',7,26),(34,'Sr. Carlos',7,28),(35,'Digi',7,29),(69,'Dentista',7,68),(65,'Roupa & Calçado',8,NULL),(66,'Calçado',8,65),(67,'Roupa',8,65),(70,'Saúde',9,NULL),(71,'Ginásio',9,70);
/*!40000 ALTER TABLE `subcategories` ENABLE KEYS */;
UNLOCK TABLES;

--
-- Table structure for table `transaction_items`
--

DROP TABLE IF EXISTS `transaction_items`;
/*!40101 SET @saved_cs_client     = @@character_set_client */;
/*!40101 SET character_set_client = utf8mb4 */;
CREATE TABLE `transaction_items` (
  `id` int(11) NOT NULL AUTO_INCREMENT,
  `transaction_id` int(11) NOT NULL,
  `description` varchar(255) DEFAULT NULL,
  `amount` decimal(10,2) NOT NULL,
  `cost_center` varchar(255) DEFAULT NULL,
  `subcategory` varchar(255) DEFAULT NULL,
  `sub_subcategory` varchar(255) DEFAULT NULL,
  PRIMARY KEY (`id`),
  KEY `transaction_id` (`transaction_id`),
  CONSTRAINT `fk_transaction_items_transaction` FOREIGN KEY (`transaction_id`) REFERENCES `transactions` (`id`) ON DELETE CASCADE
) ENGINE=InnoDB AUTO_INCREMENT=482 DEFAULT CHARSET=utf8mb4 COLLATE=utf8mb4_unicode_ci;
/*!40101 SET character_set_client = @saved_cs_client */;

--
-- Dumping data for table `transaction_items`
--

LOCK TABLES `transaction_items` WRITE;
/*!40000 ALTER TABLE `transaction_items` DISABLE KEYS */;
INSERT INTO `transaction_items` VALUES (1,1,'Ibelectra',10.47,'Casa','Energia & Água','Energia'),(2,2,'Ibelectra',104.16,'Casa','Energia & Água','Energia'),(3,3,'G9',72.29,'Casa','Energia & Água','Energia'),(4,4,'G9',101.60,'Casa','Energia & Água','Energia'),(5,5,'G9',95.95,'Casa','Energia & Água','Energia'),(6,7,'Energia',48.73,'Casa','Energia & Água','Energia'),(7,8,'Águas e Energia do Porto',29.19,'Casa','Energia & Água','Água'),(9,10,'Águas e Energia do Porto',24.25,'Casa','Energia & Água','Água'),(10,11,'Águas e Energia do Porto',25.09,'Casa','Energia & Água','Água'),(11,12,'Águas e Energia do Porto',19.95,'Casa','Energia & Água','Água'),(12,13,'Águas e Energia do Porto',27.66,'Casa','Energia & Água','Água'),(13,14,'Águas e Energia do Porto',22.23,'Casa','Energia & Água','Água'),(14,16,'Águas e Energia do Porto',20.20,'Casa','Energia & Água','Água'),(15,18,'Águas e Energia do Porto',27.40,'Casa','Energia & Água','Água'),(16,19,'Quotas - Outubro a Fevereiro',322.45,'Casa','Condomínio','Quotas'),(26,53,'Seguro Vida Cred Hab',88.78,'Casa','Crédito Habitação','Seguros Cred Hab'),(27,54,'Seguro Vida Cred Hab',86.65,'Casa','Crédito Habitação','Seguros Cred Hab'),(28,55,'Seguro Vida Cred Hab',35.37,'Casa','Crédito Habitação','Seguros Cred Hab'),(29,56,'Seguro Vida Cred Hab',35.37,'Casa','Crédito Habitação','Seguros Cred Hab'),(30,57,'Seguro Vida Cred Hab',35.37,'Casa','Crédito Habitação','Seguros Cred Hab'),(31,58,'Seguro Vida Cred Hab',35.37,'Casa','Crédito Habitação','Seguros Cred Hab'),(32,59,'Seguro Vida Cred Hab',35.37,'Casa','Crédito Habitação','Seguros Cred Hab'),(33,60,'Seguro Vida Cred Hab',35.37,'Casa','Crédito Habitação','Seguros Cred Hab'),(34,61,'Seguro Vida Cred Hab',35.37,'Casa','Crédito Habitação','Seguros Cred Hab'),(35,62,'Seguro Vida Cred Hab',35.37,'Casa','Crédito Habitação','Seguros Cred Hab'),(36,63,'Seguro Vida Cred Hab',35.37,'Casa','Crédito Habitação','Seguros Cred Hab'),(37,64,'Seguro Vida Cred Hab',35.37,'Casa','Crédito Habitação','Seguros Cred Hab'),(38,65,'Seguro Vida Cred Hab',35.37,'Casa','Crédito Habitação','Seguros Cred Hab'),(40,67,'Seguro Vida Cred Hab',35.37,'Casa','Crédito Habitação','Seguros Cred Hab'),(41,68,'Seguro Vida Cred Hab',35.37,'Casa','Crédito Habitação','Seguros Cred Hab'),(42,69,'Seguro Vida Cred Hab',35.37,'Casa','Crédito Habitação','Seguros Cred Hab'),(43,70,'Seguro Vida Cred Hab',35.37,'Casa','Crédito Habitação','Seguros Cred Hab'),(44,71,'Seguro Vida Cred Hab',35.37,'Casa','Crédito Habitação','Seguros Cred Hab'),(45,72,'Seguro Vida Cred Hab',35.37,'Casa','Crédito Habitação','Seguros Cred Hab'),(46,73,'Seguro Vida Cred Hab',35.37,'Casa','Crédito Habitação','Seguros Cred Hab'),(47,74,'Seguro Vida Cred Hab',35.37,'Casa','Crédito Habitação','Seguros Cred Hab'),(48,75,'Seguro Vida Cred Hab',35.37,'Casa','Crédito Habitação','Seguros Cred Hab'),(49,76,'Seguro Vida Cred Hab',35.37,'Casa','Crédito Habitação','Seguros Cred Hab'),(50,77,'Águas e Energia do Porto',18.01,'Casa','Energia & Água','Água'),(51,78,'Águas e Energia do Porto',28.65,'Casa','Energia & Água','Água'),(52,79,'Águas e Energia do Porto',18.81,'Casa','Energia & Água','Água'),(53,80,'Águas e Energia do Porto',28.41,'Casa','Energia & Água','Água'),(54,81,'Águas e Energia do Porto',21.53,'Casa','Energia & Água','Água'),(55,82,'Águas e Energia do Porto',19.32,'Casa','Energia & Água','Água'),(56,83,'Águas e Energia do Porto',28.38,'Casa','Energia & Água','Água'),(57,84,'Águas e Energia do Porto',19.32,'Casa','Energia & Água','Água'),(58,85,'Águas e Energia do Porto',26.78,'Casa','Energia & Água','Água'),(59,86,'Águas e Energia do Porto',25.97,'Casa','Energia & Água','Água'),(60,87,'Águas e Energia do Porto',23.20,'Casa','Energia & Água','Água'),(63,365,'Prestação Cred Hab',72.77,'Casa','Crédito Habitação','Prestações Cred Hab'),(65,366,'Prestação Cred Hab',72.77,'Casa','Crédito Habitação','Prestações Cred Hab'),(66,96,'Prestação Cred Hab',341.92,'Casa','Crédito Habitação','Prestações Cred Hab'),(67,96,'Prestação Cred Hab',69.83,'Casa','Crédito Habitação','Prestações Cred Hab'),(68,100,'Quotas Outubro',55.92,'Casa','Condomínio','Quotas'),(69,102,'Prestação Cred Hab',66.41,'Casa','Crédito Habitação','Prestações Cred Hab'),(70,102,'Prestação Cred Hab',325.96,'Casa','Crédito Habitação','Prestações Cred Hab'),(71,103,'Quotas Novembro',55.92,'Casa','Condomínio',NULL),(72,104,'Quotas Dezembro',55.92,'Casa','Condomínio',NULL),(73,171,'Prestação Cred Obras (1/73)',162.56,'Casa','Condomínio','Crédito Obras'),(74,172,'Prestação Cred Obras (2/73)',162.56,'Casa','Condomínio','Crédito Obras'),(75,173,'Prestação Cred Obras (3/73)',162.56,'Casa','Condomínio','Crédito Obras'),(76,174,'Prestação Cred Obras (4/73)',162.56,'Casa','Condomínio','Crédito Obras'),(77,175,'Prestação Cred Obras (5/73)',162.56,'Casa','Condomínio','Crédito Obras'),(78,176,'Prestação Cred Obras (6/73)',162.56,'Casa','Condomínio','Crédito Obras'),(79,177,'Prestação Cred Obras (7/73)',162.56,'Casa','Condomínio','Crédito Obras'),(80,178,'Prestação Cred Obras (8/73)',162.56,'Casa','Condomínio','Crédito Obras'),(81,179,'Prestação Cred Obras (9/73)',162.56,'Casa','Condomínio','Crédito Obras'),(82,180,'Prestação Cred Obras (10/73)',162.56,'Casa','Condomínio','Crédito Obras'),(83,181,'Prestação Cred Obras (11/73)',162.56,'Casa','Condomínio','Crédito Obras'),(84,182,'Prestação Cred Obras (12/73)',162.56,'Casa','Condomínio','Crédito Obras'),(85,183,'Prestação Cred Obras (13/73)',162.56,'Casa','Condomínio','Crédito Obras'),(86,184,'Prestação Cred Obras (14/73)',162.56,'Casa','Condomínio','Crédito Obras'),(87,185,'Prestação Cred Obras (15/73)',162.56,'Casa','Condomínio','Crédito Obras'),(88,186,'Prestação Cred Obras (16/73)',162.56,'Casa','Condomínio','Crédito Obras'),(89,187,'Prestação Cred Obras (17/73)',162.56,'Casa','Condomínio','Crédito Obras'),(90,188,'Prestação Cred Obras (18/73)',162.56,'Casa','Condomínio','Crédito Obras'),(91,189,'Prestação Cred Obras (19/73)',162.56,'Casa','Condomínio','Crédito Obras'),(92,190,'Prestação Cred Obras (20/73)',162.56,'Casa','Condomínio','Crédito Obras'),(93,191,'Prestação Cred Obras (21/73)',162.56,'Casa','Condomínio','Crédito Obras'),(94,192,'Prestação Cred Obras (22/73)',162.56,'Casa','Condomínio','Crédito Obras'),(95,193,'Prestação Cred Obras (23/73)',162.56,'Casa','Condomínio','Crédito Obras'),(96,194,'Prestação Cred Obras (24/73)',162.56,'Casa','Condomínio','Crédito Obras'),(97,195,'Prestação Cred Obras (25/73)',162.56,'Casa','Condomínio','Crédito Obras'),(98,196,'Prestação Cred Obras (26/73)',162.56,'Casa','Condomínio','Crédito Obras'),(99,197,'Prestação Cred Obras (27/73)',162.56,'Casa','Condomínio','Crédito Obras'),(100,198,'Prestação Cred Obras (28/73)',162.56,'Casa','Condomínio','Crédito Obras'),(101,199,'Prestação Cred Obras (29/73)',162.56,'Casa','Condomínio','Crédito Obras'),(102,244,'Prestação Cred Obras (30/73)',162.56,'Casa','Condomínio','Crédito Obras'),(103,245,'Prestação Cred Obras (31/73)',162.56,'Casa','Condomínio','Crédito Obras'),(104,246,'Prestação Cred Obras (32/73)',162.56,'Casa','Condomínio','Crédito Obras'),(105,247,'Prestação Cred Obras (33/73)',162.56,'Casa','Condomínio','Crédito Obras'),(106,248,'Prestação Cred Obras (34/73)',162.56,'Casa','Condomínio','Crédito Obras'),(107,249,'Prestação Cred Obras (35/73)',162.56,'Casa','Condomínio','Crédito Obras'),(108,250,'Prestação Cred Obras (36/73)',162.56,'Casa','Condomínio','Crédito Obras'),(109,251,'Prestação Cred Obras (37/73)',162.56,'Casa','Condomínio','Crédito Obras'),(110,252,'Prestação Cred Obras (38/73)',162.56,'Casa','Condomínio','Crédito Obras'),(111,253,'Prestação Cred Obras (39/73)',162.56,'Casa','Condomínio','Crédito Obras'),(112,254,'Prestação Cred Obras (40/73)',162.56,'Casa','Condomínio','Crédito Obras'),(113,255,'Prestação Cred Obras (41/73)',162.56,'Casa','Condomínio','Crédito Obras'),(114,256,'Prestação Cred Obras (42/73)',162.56,'Casa','Condomínio','Crédito Obras'),(115,257,'Prestação Cred Obras (43/73)',162.56,'Casa','Condomínio','Crédito Obras'),(116,258,'Prestação Cred Obras (44/73)',162.56,'Casa','Condomínio','Crédito Obras'),(117,259,'Prestação Cred Obras (45/73)',162.56,'Casa','Condomínio','Crédito Obras'),(118,260,'Prestação Cred Obras (46/73)',162.56,'Casa','Condomínio','Crédito Obras'),(119,261,'Prestação Cred Obras (47/73)',162.56,'Casa','Condomínio','Crédito Obras'),(120,262,'Prestação Cred Obras (48/73)',162.56,'Casa','Condomínio','Crédito Obras'),(121,263,'Prestação Cred Obras (49/73)',162.56,'Casa','Condomínio','Crédito Obras'),(122,264,'Prestação Cred Obras (50/73)',162.56,'Casa','Condomínio','Crédito Obras'),(123,265,'Prestação Cred Obras (51/73)',162.56,'Casa','Condomínio','Crédito Obras'),(124,266,'Prestação Cred Obras (52/73)',162.56,'Casa','Condomínio','Crédito Obras'),(125,267,'Prestação Cred Obras (53/73)',162.56,'Casa','Condomínio','Crédito Obras'),(126,268,'Prestação Cred Obras (54/73)',162.56,'Casa','Condomínio','Crédito Obras'),(127,269,'Prestação Cred Obras (55/73)',162.56,'Casa','Condomínio','Crédito Obras'),(128,270,'Prestação Cred Obras (56/73)',162.56,'Casa','Condomínio','Crédito Obras'),(129,271,'Prestação Cred Obras (57/73)',162.56,'Casa','Condomínio','Crédito Obras'),(130,272,'Prestação Cred Obras (58/73)',162.56,'Casa','Condomínio','Crédito Obras'),(131,273,'Prestação Cred Obras (59/73)',162.56,'Casa','Condomínio','Crédito Obras'),(132,274,'Prestação Cred Obras (60/73)',162.56,'Casa','Condomínio','Crédito Obras'),(133,275,'Prestação Cred Obras (61/73)',162.56,'Casa','Condomínio','Crédito Obras'),(134,276,'Prestação Cred Obras (62/73)',162.56,'Casa','Condomínio','Crédito Obras'),(135,277,'Prestação Cred Obras (63/73)',162.56,'Casa','Condomínio','Crédito Obras'),(136,278,'Prestação Cred Obras (64/73)',162.56,'Casa','Condomínio','Crédito Obras'),(137,279,'Prestação Cred Obras (65/73)',162.56,'Casa','Condomínio','Crédito Obras'),(138,280,'Prestação Cred Obras (66/73)',162.56,'Casa','Condomínio','Crédito Obras'),(139,281,'Prestação Cred Obras (67/73)',162.56,'Casa','Condomínio','Crédito Obras'),(140,282,'Prestação Cred Obras (68/73)',162.56,'Casa','Condomínio','Crédito Obras'),(141,283,'Prestação Cred Obras (69/73)',162.56,'Casa','Condomínio','Crédito Obras'),(142,284,'Prestação Cred Obras (70/73)',162.56,'Casa','Condomínio','Crédito Obras'),(143,285,'Prestação Cred Obras (71/73)',162.56,'Casa','Condomínio','Crédito Obras'),(144,286,'Prestação Cred Obras (72/73)',162.56,'Casa','Condomínio','Crédito Obras'),(145,287,'Prestação Cred Obras (73/73)',162.56,'Casa','Condomínio','Crédito Obras'),(146,288,'Coopernico',102.11,'Casa','Energia & Água','Energia'),(147,289,'Coopernico',49.04,'Casa','Energia & Água','Energia'),(148,290,'Coopernico',45.34,'Casa','Energia & Água','Energia'),(149,291,'Coopernico',48.86,'Casa','Energia & Água','Energia'),(150,292,'Coopernico',61.63,'Casa','Energia & Água','Energia'),(151,293,'Coopernico',64.77,'Casa','Energia & Água','Energia'),(152,294,'Coopernico',84.57,'Casa','Energia & Água','Energia'),(153,295,'Coopernico',53.17,'Casa','Energia & Água','Energia'),(154,296,'Coopernico',113.49,'Casa','Energia & Água','Energia'),(155,297,'Coopernico',26.45,'Casa','Energia & Água','Energia'),(156,298,'Coopernico',88.05,'Casa','Energia & Água','Energia'),(157,299,'Coopernico',77.69,'Casa','Energia & Água','Energia'),(158,300,'G9',80.16,'Casa','Energia & Água','Energia'),(159,301,'G9',48.73,'Casa','Energia & Água','Energia'),(160,302,'Prestação Cred Hab',289.03,'Casa','Crédito Habitação','Prestações Cred Hab'),(161,302,'Prestação Cred Hab',60.02,'Casa','Crédito Habitação','Prestações Cred Hab'),(162,304,'Prestação Cred Hab',326.89,'Casa','Crédito Habitação','Prestações Cred Hab'),(163,305,'Prestação Cred Hab',326.89,'Casa','Crédito Habitação','Prestações Cred Hab'),(164,306,'Prestação Cred Hab',326.89,'Casa','Crédito Habitação','Prestações Cred Hab'),(165,304,'Prestação Cred Hab',68.10,'Casa','Crédito Habitação','Prestações Cred Hab'),(166,305,'Prestação Cred Hab',68.10,'Casa','Crédito Habitação','Prestações Cred Hab'),(167,306,'Prestação Cred Hab',68.10,'Casa','Crédito Habitação','Prestações Cred Hab'),(168,310,'Prestação Cred Hab',359.13,'Casa','Crédito Habitação','Prestações Cred Hab'),(169,311,'Prestação Cred Hab',359.13,'Casa','Crédito Habitação','Prestações Cred Hab'),(170,312,'Prestação Cred Hab',359.13,'Casa','Crédito Habitação','Prestações Cred Hab'),(171,310,'Prestação Cred Hab',74.94,'Casa','Crédito Habitação','Prestações Cred Hab'),(172,311,'Prestação Cred Hab',74.94,'Casa','Crédito Habitação','Prestações Cred Hab'),(173,312,'Prestação Cred Hab',74.94,'Casa','Crédito Habitação','Prestações Cred Hab'),(174,319,'Prestação Cred Hab',80.16,'Casa','Crédito Habitação','Prestações Cred Hab'),(175,320,'Prestação Cred Hab',80.16,'Casa','Crédito Habitação','Prestações Cred Hab'),(176,321,'Prestação Cred Hab',80.16,'Casa','Crédito Habitação','Prestações Cred Hab'),(177,319,'Prestação Cred Hab',383.77,'Casa','Crédito Habitação','Prestações Cred Hab'),(178,320,'Prestação Cred Hab',383.77,'Casa','Crédito Habitação','Prestações Cred Hab'),(179,321,'Prestação Cred Hab',383.77,'Casa','Crédito Habitação','Prestações Cred Hab'),(180,322,'Prestação Cred Hab',395.87,'Casa','Crédito Habitação','Prestações Cred Hab'),(181,323,'Prestação Cred Hab',395.87,'Casa','Crédito Habitação','Prestações Cred Hab'),(182,324,'Prestação Cred Hab',395.87,'Casa','Crédito Habitação','Prestações Cred Hab'),(183,322,'Prestação Cred Hab',81.35,'Casa','Crédito Habitação','Prestações Cred Hab'),(184,323,'Prestação Cred Hab',81.35,'Casa','Crédito Habitação','Prestações Cred Hab'),(185,324,'Prestação Cred Hab',81.35,'Casa','Crédito Habitação','Prestações Cred Hab'),(186,328,'Prestação Cred Hab',398.09,'Casa','Crédito Habitação','Prestações Cred Hab'),(187,329,'Prestação Cred Hab',398.09,'Casa','Crédito Habitação','Prestações Cred Hab'),(188,330,'Prestação Cred Hab',398.09,'Casa','Crédito Habitação','Prestações Cred Hab'),(189,328,'Prestação Cred Hab',81.80,'Casa','Crédito Habitação','Prestações Cred Hab'),(190,329,'Prestação Cred Hab',81.80,'Casa','Crédito Habitação','Prestações Cred Hab'),(191,330,'Prestação Cred Hab',81.80,'Casa','Crédito Habitação','Prestações Cred Hab'),(192,346,'Prestação Cred Hab',397.61,'Casa','Crédito Habitação','Prestações Cred Hab'),(193,347,'Prestação Cred Hab',397.61,'Casa','Crédito Habitação','Prestações Cred Hab'),(194,348,'Prestação Cred Hab',397.61,'Casa','Crédito Habitação','Prestações Cred Hab'),(195,346,'Prestação Cred Hab',81.70,'Casa','Crédito Habitação','Prestações Cred Hab'),(196,347,'Prestação Cred Hab',81.70,'Casa','Crédito Habitação','Prestações Cred Hab'),(197,348,'Prestação Cred Hab',81.70,'Casa','Crédito Habitação','Prestações Cred Hab'),(198,352,'Prestação Cred Hab',389.78,'Casa','Crédito Habitação','Prestações Cred Hab'),(199,353,'Prestação Cred Hab',389.78,'Casa','Crédito Habitação','Prestações Cred Hab'),(200,354,'Prestação Cred Hab',389.78,'Casa','Crédito Habitação','Prestações Cred Hab'),(201,352,'Prestação Cred Hab',80.02,'Casa','Crédito Habitação','Prestações Cred Hab'),(202,353,'Prestação Cred Hab',80.02,'Casa','Crédito Habitação','Prestações Cred Hab'),(203,354,'Prestação Cred Hab',80.02,'Casa','Crédito Habitação','Prestações Cred Hab'),(204,358,'Prestação Cred Hab',378.52,'Casa','Crédito Habitação','Prestações Cred Hab'),(205,359,'Prestação Cred Hab',378.52,'Casa','Crédito Habitação','Prestações Cred Hab'),(206,360,'Prestação Cred Hab',378.52,'Casa','Crédito Habitação','Prestações Cred Hab'),(207,358,'Prestação Cred Hab',77.63,'Casa','Crédito Habitação','Prestações Cred Hab'),(208,359,'Prestação Cred Hab',77.63,'Casa','Crédito Habitação','Prestações Cred Hab'),(209,360,'Prestação Cred Hab',77.63,'Casa','Crédito Habitação','Prestações Cred Hab'),(211,365,'Prestação Cred Hab',355.73,'Casa','Crédito Habitação','Prestações Cred Hab'),(212,366,'Prestação Cred Hab',355.73,'Casa','Crédito Habitação','Prestações Cred Hab'),(213,367,'Seguro Vida Cred Hab',83.42,'Casa','Crédito Habitação','Seguros Cred Hab'),(214,368,'Seguro Vida Cred Hab',80.51,'Casa','Crédito Habitação','Seguros Cred Hab'),(215,369,'Seguro Vida Cred Hab',80.51,'Casa','Crédito Habitação','Seguros Cred Hab'),(216,370,'Seguro Vida Cred Hab',80.51,'Casa','Crédito Habitação','Seguros Cred Hab'),(217,371,'Seguro Vida Cred Hab',80.51,'Casa','Crédito Habitação','Seguros Cred Hab'),(218,372,'Seguro Vida Cred Hab',80.51,'Casa','Crédito Habitação','Seguros Cred Hab'),(219,373,'Seguro Vida Cred Hab',80.51,'Casa','Crédito Habitação','Seguros Cred Hab'),(220,374,'Seguro Vida Cred Hab',80.51,'Casa','Crédito Habitação','Seguros Cred Hab'),(221,375,'Seguro Vida Cred Hab',80.51,'Casa','Crédito Habitação','Seguros Cred Hab'),(222,376,'Seguro Vida Cred Hab',80.51,'Casa','Crédito Habitação','Seguros Cred Hab'),(223,377,'Seguro Vida Cred Hab',80.51,'Casa','Crédito Habitação','Seguros Cred Hab'),(224,378,'Seguro Vida Cred Hab',80.51,'Casa','Crédito Habitação','Seguros Cred Hab'),(225,379,'Águas e Energia do Porto',21.88,'Casa','Energia & Água','Água'),(226,380,'Águas e Energia do Porto',22.49,'Casa','Energia & Água','Água'),(227,381,'Águas e Energia do Porto',18.16,'Casa','Energia & Água','Água'),(228,382,'Águas e Energia do Porto',22.81,'Casa','Energia & Água','Água'),(229,383,'Águas e Energia do Porto',22.78,'Casa','Energia & Água','Água'),(230,384,'Águas e Energia do Porto',20.25,'Casa','Energia & Água','Água'),(231,385,'Águas e Energia do Porto',20.72,'Casa','Energia & Água','Água'),(232,386,'Águas e Energia do Porto',18.37,'Casa','Energia & Água','Água'),(233,387,'Águas e Energia do Porto',21.24,'Casa','Energia & Água','Água'),(234,388,'Águas e Energia do Porto',20.20,'Casa','Energia & Água','Água'),(235,389,'Águas e Energia do Porto',23.36,'Casa','Energia & Água','Água'),(236,390,'Águas e Energia do Porto',22.84,'Casa','Energia & Água','Água'),(237,391,'Águas e Energia do Porto',23.09,'Casa','Energia & Água','Água'),(238,392,'GoldEnergy',59.15,'Casa','Energia & Água','Energia'),(239,393,'GoldEnergy',57.74,'Casa','Energia & Água','Energia'),(240,394,'GoldEnergy',63.84,'Casa','Energia & Água','Energia'),(241,395,'Luzboa',30.04,'Casa','Energia & Água','Energia'),(242,396,'Luzboa',34.63,'Casa','Energia & Água','Energia'),(243,397,'Luzboa',7.75,'Casa','Energia & Água','Energia'),(244,398,'Luzboa',15.18,'Casa','Energia & Água','Energia'),(245,399,'Luzboa',10.97,'Casa','Energia & Água','Energia'),(246,400,'Luzboa',35.35,'Casa','Energia & Água','Energia'),(247,401,'Luzboa',49.12,'Casa','Energia & Água','Energia'),(248,402,'Luzboa',51.88,'Casa','Energia & Água','Energia'),(249,403,'Luzboa',38.85,'Casa','Energia & Água','Energia'),(250,404,'Digi',5.00,'Francisco','Comunicações e entretenimento',NULL),(251,405,'Digi',5.00,'Francisco','Comunicações e entretenimento',NULL),(252,406,'Digi',5.00,'Francisco','Comunicações e entretenimento',NULL),(253,407,'Digi',5.00,'Francisco','Comunicações e entretenimento',NULL),(254,408,'Digi',5.00,'Francisco','Comunicações e entretenimento',NULL),(255,409,'Digi',5.00,'Francisco','Comunicações e entretenimento',NULL),(256,410,'Digi',5.00,'Francisco','Comunicações e entretenimento',NULL),(257,411,'Digi',5.00,'Francisco','Comunicações e entretenimento',NULL),(258,415,'Vodafone',74.79,'Lazer & Comms','TV e Comunicações','TV e Telefone'),(259,416,'Vodafone',74.79,'Lazer & Comms','TV e Comunicações','TV e Telefone'),(260,417,'Vodafone',74.79,'Lazer & Comms','TV e Comunicações','TV e Telefone'),(261,418,'Vodafone',74.79,'Lazer & Comms','TV e Comunicações','TV e Telefone'),(262,419,'Vodafone',74.79,'Lazer & Comms','TV e Comunicações','TV e Telefone'),(263,420,'Vodafone',86.86,'Lazer & Comms','TV e Comunicações','TV e Telefone'),(264,421,'Vodafone',88.04,'Lazer & Comms','TV e Comunicações','TV e Telefone'),(265,422,'Vodafone',66.90,'Lazer & Comms','TV e Comunicações','TV e Telefone'),(266,423,'Vodafone',66.90,'Lazer & Comms','TV e Comunicações','TV e Telefone'),(267,424,'Vodafone',66.90,'Lazer & Comms','TV e Comunicações','TV e Telefone'),(268,425,'Vodafone',69.48,'Lazer & Comms','TV e Comunicações','TV e Telefone'),(269,426,'Vodafone',71.68,'Lazer & Comms','TV e Comunicações','TV e Telefone'),(270,427,'Vodafone',71.67,'Lazer & Comms','TV e Comunicações','TV e Telefone'),(271,428,'Vodafone',71.67,'Lazer & Comms','TV e Comunicações','TV e Telefone'),(272,429,'Vodafone',71.67,'Lazer & Comms','TV e Comunicações','TV e Telefone'),(273,430,'Vodafone',71.67,'Lazer & Comms','TV e Comunicações','TV e Telefone'),(274,431,'Vodafone',71.67,'Lazer & Comms','TV e Comunicações','TV e Telefone'),(275,432,'Vodafone',71.67,'Lazer & Comms','TV e Comunicações','TV e Telefone'),(276,433,'Vodafone',74.67,'Lazer & Comms','TV e Comunicações','TV e Telefone'),(277,434,'Vodafone',74.67,'Lazer & Comms','TV e Comunicações','TV e Telefone'),(278,435,'Vodafone',74.67,'Lazer & Comms','TV e Comunicações','TV e Telefone'),(279,436,'Vodafone',76.25,'Lazer & Comms','TV e Comunicações','TV e Telefone'),(280,437,'Vodafone',77.54,'Lazer & Comms','TV e Comunicações','TV e Telefone'),(281,438,'Vodafone',77.54,'Lazer & Comms','TV e Comunicações','TV e Telefone'),(282,439,'Vodafone',77.54,'Lazer & Comms','TV e Comunicações','TV e Telefone'),(283,440,'Vodafone',74.54,'Lazer & Comms','TV e Comunicações','TV e Telefone'),(284,441,'Vodafone',30.26,'Lazer & Comms','TV e Comunicações','TV e Telefone'),(285,442,'Vodafone',74.79,'Lazer & Comms','TV e Comunicações','TV e Telefone'),(286,443,'Vodafone',74.79,'Lazer & Comms','TV e Comunicações','TV e Telefone'),(287,444,'Vodafone',75.56,'Lazer & Comms','TV e Comunicações','TV e Telefone'),(288,445,'Vodafone',74.79,'Lazer & Comms','TV e Comunicações','TV e Telefone'),(289,446,'Vodafone',74.79,'Lazer & Comms','TV e Comunicações','TV e Telefone'),(290,447,'Vodafone',74.79,'Lazer & Comms','TV e Comunicações','TV e Telefone'),(291,459,'A Casa',105.00,'Francisco','Educação','Centro Estudos'),(292,460,'Snr Carlos',35.00,'Francisco','Transportes','Sr. Carlos'),(293,461,'Snr Carlos',35.00,'Francisco','Transportes','Sr. Carlos'),(294,462,'Snr Carlos',35.00,'Francisco','Transportes','Sr. Carlos'),(295,463,'Snr Carlos',35.00,'Francisco','Transportes','Sr. Carlos'),(296,464,'Snr Carlos',35.00,'Francisco','Transportes','Sr. Carlos'),(297,465,'Snr Carlos',35.00,'Francisco','Transportes','Sr. Carlos'),(298,466,'Snr Carlos',35.00,'Francisco','Transportes','Sr. Carlos'),(299,467,'Snr Carlos',35.00,'Francisco','Transportes','Sr. Carlos'),(300,468,'Snr Carlos',35.00,'Francisco','Transportes','Sr. Carlos'),(301,469,'Snr Carlos',35.00,'Francisco','Transportes','Sr. Carlos'),(302,493,'SU Electricidade',157.22,'Casa','Energia & Água','Energia'),(303,494,'SU Electricidade',81.71,'Casa','Energia & Água','Energia'),(304,495,'Obras Reabilitação Edifício',2987.07,'Casa','Condomínio','Obras'),(305,496,'Quotas - Janeiro a Março',185.43,'Casa','Condomínio','Quotas'),(306,497,'Obras Reabilitação Edifício',995.69,'Casa','Condomínio','Obras'),(307,498,'Obras Reabilitação Edifício',995.69,'Casa','Condomínio','Obras'),(312,504,'Obras Reabilitação Edifício',995.69,'Casa','Condomínio','Obras'),(315,507,'Quotas - Julho a Setembro',193.47,'Casa','Condomínio','Quotas'),(316,508,'Obras Reabilitação Edifício + Terraço Norte + Granito',1987.94,'Casa','Condomínio','Obras'),(322,514,'Netflix',12.99,'Lazer & Comms','TV e Comunicações','Streaming'),(323,515,'Netflix',12.99,'Lazer & Comms','TV e Comunicações','Streaming'),(324,516,'Netflix',12.99,'Lazer & Comms','TV e Comunicações','Streaming'),(325,517,'Netflix',12.99,'Lazer & Comms','TV e Comunicações','Streaming'),(326,518,'Netflix',12.99,'Lazer & Comms','TV e Comunicações','Streaming'),(327,519,'Netflix',12.99,'Lazer & Comms','TV e Comunicações','Streaming'),(328,520,'Netflix',12.99,'Lazer & Comms','TV e Comunicações','Streaming'),(329,521,'Netflix',11.99,'Lazer & Comms','TV e Comunicações','Streaming'),(330,522,'Netflix',11.99,'Lazer & Comms','TV e Comunicações','Streaming'),(331,523,'Netflix',11.99,'Lazer & Comms','TV e Comunicações','Streaming'),(332,524,'Netflix',11.99,'Lazer & Comms','TV e Comunicações','Streaming'),(333,525,'Netflix',11.99,'Lazer & Comms','TV e Comunicações','Streaming'),(334,526,'Spotify',10.49,'Lazer & Comms','TV e Comunicações','Streaming'),(335,527,'Spotify',10.49,'Lazer & Comms','TV e Comunicações','Streaming'),(336,528,'Spotify',10.49,'Lazer & Comms','TV e Comunicações','Streaming'),(337,529,'Spotify',10.49,'Lazer & Comms','TV e Comunicações','Streaming'),(338,530,'Spotify',10.49,'Lazer & Comms','TV e Comunicações','Streaming'),(339,531,'Spotify',10.49,'Lazer & Comms','TV e Comunicações','Streaming'),(340,532,'Spotify',10.49,'Lazer & Comms','TV e Comunicações','Streaming'),(341,533,'Spotify',10.49,'Lazer & Comms','TV e Comunicações','Streaming'),(342,534,'Spotify',10.49,'Lazer & Comms','TV e Comunicações','Streaming'),(343,535,'Spotify',10.49,'Lazer & Comms','TV e Comunicações','Streaming'),(344,536,'Spotify',10.49,'Lazer & Comms','TV e Comunicações','Streaming'),(347,539,'Quotas Clube de Leça - Julho a Setembro',75.00,'Lazer & Comms','Quotas & Associações','Clube de Leça'),(348,540,'Quotas Clube de Leça - Outubro a Dezembro',75.00,'Lazer & Comms','Quotas & Associações','Clube de Leça'),(349,541,'Quotas Clube de Leça - Janeiro a Março',75.00,'Lazer & Comms','Quotas & Associações','Clube de Leça'),(356,548,'Quotas Clube de Leça - Outubro a Dezembro',75.00,'Lazer & Comms','Quotas & Associações','Clube de Leça'),(365,545,'Quotas Clube de Leça - Janeiro a Março',75.00,'Lazer & Comms','Quotas & Associações','Clube de Leça'),(366,545,'Quotas Clube de Leça - Abril a Junho',75.00,'Lazer & Comms','Quotas & Associações','Clube de Leça'),(367,545,'Quotas Clube de Leça - Julho a Setembro',75.00,'Lazer & Comms','Quotas & Associações','Clube de Leça'),(368,24,'Prestação Cred Hab',341.92,'Casa','Crédito Habitação','Prestações Cred Hab'),(369,24,'Prestação Cred Hab',69.82,'Casa','Crédito Habitação','Prestações Cred Hab'),(370,23,'Prestação Cred Hab',341.92,'Casa','Crédito Habitação','Prestações Cred Hab'),(371,23,'Prestação Cred Hab',69.82,'Casa','Crédito Habitação','Prestações Cred Hab'),(374,26,'Prestação Cred Hab',325.96,'Casa','Crédito Habitação','Prestações Cred Hab'),(375,26,'Prestação Cred Hab',66.41,'Casa','Crédito Habitação','Prestações Cred Hab'),(381,512,'Seguro Multi Riscos',51.10,'Casa','Condomínio','Seguros'),(382,512,'Obras Terraço Sul',288.17,'Casa','Condomínio','Obras'),(383,512,'Quotas - Agosto a Setembro',111.84,'Casa','Condomínio','Quotas'),(384,509,'Quotas - Abril a Julho',223.68,'Casa','Condomínio','Quotas'),(385,509,'Obras Terraço Sul',616.35,'Casa','Condomínio','Obras'),(386,509,'Quotas - Março',64.49,'Casa','Condomínio','Quotas'),(387,549,'Seguro Vida Cred Hab',35.37,'Casa','Crédito Habitação','Seguros Cred Hab'),(388,364,'Prestação Cred Hab',72.77,'Casa','Crédito Habitação','Prestações Cred Hab'),(389,364,'Prestação Cred Hab',355.73,'Casa','Crédito Habitação','Prestações Cred Hab'),(390,505,'Obras Reabilitação Edifício + Terraço Norte',1765.13,'Casa','Condomínio','Obras'),(391,505,'Quotas - Outubro a Dezembro',185.43,'Casa','Condomínio','Quotas'),(392,542,'Quotas Clube de Leça - Abril a Junho',75.00,'Lazer & Comms','Quotas & Associações','Clube de Leça'),(393,542,'Quotas Clube de Leça - Julho a Setembro',75.00,'Lazer & Comms','Quotas & Associações','Clube de Leça'),(394,542,'Quotas Clube de Leça - Outubro a Dezembro',75.00,'Lazer & Comms','Quotas & Associações','Clube de Leça'),(395,499,'Obras Reabilitação Edifício',995.69,'Casa','Condomínio','Obras'),(396,499,'Quotas - Abril a Junho',185.43,'Casa','Condomínio','Quotas'),(397,537,'Quotas Clube de Leça - Janeiro a Março',75.00,'Lazer & Comms','Quotas & Associações','Clube de Leça'),(398,537,'Quotas Clube de Leça - Abril a Junho',75.00,'Lazer & Comms','Quotas & Associações','Clube de Leça'),(399,503,'Quotas - Julho a Setembro',185.43,'Casa','Condomínio','Quotas'),(400,503,'Obras Reabilitação Edifício',995.69,'Casa','Condomínio','Obras'),(401,88,'Prestação Cred Hab',325.96,'Casa','Crédito Habitação','Prestações Cred Hab'),(402,88,'Prestação Cred Hab',66.41,'Casa','Crédito Habitação','Prestações Cred Hab'),(417,550,'Mensalidade GPS Mota',6.99,'Transportes','Mota','GPS'),(418,551,'Mensalidade GPS Mota',6.99,'Transportes','Mota','GPS'),(419,552,'Mensalidade GPS Mota',6.99,'Transportes','Mota','GPS'),(420,553,'Mensalidade GPS Mota',6.99,'Transportes','Mota','GPS'),(421,554,'Mensalidade GPS Mota',6.99,'Transportes','Mota','GPS'),(422,555,'Mensalidade GPS Mota',6.99,'Transportes','Mota','GPS'),(423,556,'Mensalidade GPS Mota',6.99,'Transportes','Mota','GPS'),(424,557,'Mensalidade GPS Mota',6.99,'Transportes','Mota','GPS'),(425,558,'Mensalidade GPS Mota',6.99,'Transportes','Mota','GPS'),(426,559,'Mensalidade GPS Mota',6.99,'Transportes','Mota','GPS'),(427,560,'Mensalidade GPS Mota',6.99,'Transportes','Mota','GPS'),(428,561,'Mensalidade GPS Mota',6.99,'Transportes','Mota','GPS'),(429,562,'Mensalidade GPS Mota',6.99,'Transportes','Mota','GPS'),(430,563,'Mensalidade GPS Mota',6.99,'Transportes','Mota','GPS'),(432,565,'Mensalidade GPS Mota',6.99,'Transportes','Mota','GPS'),(433,566,'Mensalidade GPS Mota',6.99,'Transportes','Mota','GPS'),(434,567,'Mensalidade GPS Mota',6.99,'Transportes','Mota','GPS'),(435,568,'Mensalidade GPS Mota',6.99,'Transportes','Mota','GPS'),(436,569,'Mensalidade GPS Mota',6.99,'Transportes','Mota','GPS'),(437,570,'Mensalidade GPS Mota',6.99,'Transportes','Mota','GPS'),(438,571,'Mensalidade GPS Mota',6.99,'Transportes','Mota','GPS'),(439,572,'Mensalidade GPS Mota',6.99,'Transportes','Mota','GPS'),(440,573,'Mensalidade GPS Mota',6.99,'Transportes','Mota','GPS'),(441,574,'Mensalidade GPS Mota',6.99,'Transportes','Mota','GPS'),(442,575,'Mensalidade GPS Mota',6.99,'Transportes','Mota','GPS'),(443,576,'Mensalidade GPS Mota',6.99,'Transportes','Mota','GPS'),(444,577,'Seguro anual',93.47,'Transportes','Mota','Seguro'),(445,578,'Seguro anual',90.17,'Transportes','Mota','Seguro'),(446,579,'Seguro anual',85.47,'Transportes','Mota','Seguro'),(447,580,'Águas e Energia do Porto',15.78,'Casa','Energia & Água','Água'),(448,581,'Netflix',12.99,'Lazer & Comms','TV e Comunicações','Streaming'),(449,582,'Spotify',10.49,'Lazer & Comms','TV e Comunicações','Streaming'),(460,585,' 	 Court Classico Greenside',52.00,'Gustavo','Roupa & Calçado','Calçado'),(461,586,'R78 Wind  	 GV Special Base Sneakers',59.95,'Gustavo','Roupa & Calçado','Calçado'),(464,584,'R78 Wind Greenside Sneakers',45.00,'Gustavo','Roupa & Calçado','Calçado'),(465,584,'Court Classico Sneakers',38.00,'Gustavo','Roupa & Calçado','Calçado'),(466,588,'Caven 2.0 Mid WTR Sneakers',54.95,'Gustavo','Roupa & Calçado','Calçado'),(467,588,'Karmen Boots Women ',39.95,'Gustavo','Roupa & Calçado','Calçado'),(468,587,'Karmen Boots Women',0.00,'Gustavo','Roupa & Calçado','Calçado'),(469,587,'Smash 3.0 L Shoes Kids',29.95,'Gustavo','Roupa & Calçado','Calçado'),(471,589,'Retaliate 2 Running Shoes',49.90,'Gustavo','Roupa & Calçado','Calçado'),(472,590,' 	 Star NeverWorn III Sneakers',57.00,'Gustavo','Roupa & Calçado','Calçado'),(473,591,' 	 Caven 2.0 Mid WTR Sneakers',53.00,'Gustavo','Roupa & Calçado','Calçado'),(474,583,'ONE PIECE Suede Buggy the Genius Jester Sneakers',57.00,'Gustavo','Roupa & Calçado','Calçado'),(475,583,'Club Klassika Sneakers Women',45.00,'Gustavo','Roupa & Calçado','Calçado'),(476,592,'Ibelectra',38.56,'Casa','Energia & Água','Energia'),(477,593,'Revisão Mota',102.60,'Transportes','Mota','Manutenção'),(478,594,'Seguro anual',93.47,'Transportes','Mota','Seguro'),(479,595,'Supermercado',84.00,'Alimentação','Supermercado',NULL),(481,596,'Consulta',45.00,'Francisco','Saúde','Dentista');
/*!40000 ALTER TABLE `transaction_items` ENABLE KEYS */;
UNLOCK TABLES;

--
-- Table structure for table `transactions`
--

DROP TABLE IF EXISTS `transactions`;
/*!40101 SET @saved_cs_client     = @@character_set_client */;
/*!40101 SET character_set_client = utf8mb4 */;
CREATE TABLE `transactions` (
  `id` int(11) NOT NULL AUTO_INCREMENT,
  `description` varchar(255) NOT NULL,
  `cost_center` varchar(100) DEFAULT NULL,
  `subcategory` varchar(100) DEFAULT NULL,
  `sub_subcategory` varchar(255) DEFAULT NULL,
  `file_path_old` varchar(255) DEFAULT NULL,
  `loan_id` int(11) DEFAULT NULL,
  `amount` decimal(10,2) NOT NULL,
  `type` enum('Income','Expense','Acerto') NOT NULL,
  `person` varchar(50) NOT NULL,
  `person_to` varchar(50) DEFAULT NULL,
  `transaction_date` date NOT NULL,
  `status` enum('paid','pending') NOT NULL DEFAULT 'paid',
  `created_at` timestamp NOT NULL DEFAULT current_timestamp(),
  PRIMARY KEY (`id`),
  KEY `loan_id` (`loan_id`)
) ENGINE=InnoDB AUTO_INCREMENT=597 DEFAULT CHARSET=utf8mb4 COLLATE=utf8mb4_unicode_ci;
/*!40101 SET character_set_client = @saved_cs_client */;

--
-- Dumping data for table `transactions`
--

LOCK TABLES `transactions` WRITE;
/*!40000 ALTER TABLE `transactions` DISABLE KEYS */;
INSERT INTO `transactions` VALUES (1,'Ibelectra','Casa','Energia & Água','Energia','uploads/68b97e5118e956.12294866.pdf',NULL,10.47,'Expense','Gustavo',NULL,'2025-07-15','paid','2025-09-03 14:29:16'),(2,'Ibelectra','Casa','Energia & Água','Energia','uploads/68b97e95f0fbe9.27786088.pdf',NULL,104.16,'Expense','Gustavo',NULL,'2025-09-02','paid','2025-09-03 14:29:43'),(3,'G9','Casa','Energia & Água','Energia','uploads/68b97ee34dcf83.31020739.pdf',NULL,72.29,'Expense','Gustavo',NULL,'2024-12-31','paid','2025-09-03 14:30:44'),(4,'G9','Casa','Energia & Água','Energia','uploads/68b97f0d948855.31559378.pdf',NULL,101.60,'Expense','Gustavo',NULL,'2025-01-31','paid','2025-09-03 14:31:08'),(5,'G9','Casa','Energia & Água','Energia','uploads/68b97faea4ed89.13017871.pdf',NULL,95.95,'Expense','Gustavo',NULL,'2025-03-03','paid','2025-09-03 14:31:39'),(7,'Energia','Casa','Energia & Água','Energia',NULL,NULL,48.73,'Expense','Gustavo',NULL,'2025-04-20','paid','2025-09-03 14:32:48'),(8,'Águas e Energia do Porto','Casa','Energia & Água','Água','uploads/68b8c0400cbe09.59515764.pdf',NULL,29.19,'Expense','Gustavo',NULL,'2025-01-24','paid','2025-09-03 14:35:47'),(10,'Águas e Energia do Porto','Casa','Energia & Água','Água','uploads/68b8c0686551b8.72264581.pdf',NULL,24.25,'Expense','Gustavo',NULL,'2025-02-21','paid','2025-09-03 14:36:41'),(11,'Águas e Energia do Porto','Casa','Energia & Água','Água','uploads/68b8c08dbb7dd5.42336111.pdf',NULL,25.09,'Expense','Gustavo',NULL,'2025-03-24','paid','2025-09-03 14:37:06'),(12,'Águas e Energia do Porto','Casa','Energia & Água','Água','uploads/68b8c0b0ab4fb2.21785967.pdf',NULL,19.95,'Expense','Gustavo',NULL,'2025-04-28','paid','2025-09-03 14:38:14'),(13,'Águas e Energia do Porto','Casa','Energia & Água','Água','uploads/68b8c0d9af04f0.36249863.pdf',NULL,27.66,'Expense','Gustavo',NULL,'2025-05-23','paid','2025-09-03 14:38:31'),(14,'Águas e Energia do Porto','Casa','Energia & Água','Água','uploads/68b8c101ceadd8.58576580.pdf',NULL,22.23,'Expense','Gustavo',NULL,'2025-06-20','paid','2025-09-03 14:38:51'),(16,'Águas e Energia do Porto','Casa','Energia & Água','Água','uploads/68b8c12b64aca8.09227514.pdf',NULL,20.20,'Expense','Gustavo',NULL,'2025-07-25','paid','2025-09-03 14:40:07'),(18,'Águas e Energia do Porto','Casa','Energia & Água','Água','uploads/68b8712a11c9e4.15511677.pdf',NULL,27.40,'Expense','Gustavo',NULL,'2025-08-22','paid','2025-09-03 14:41:12'),(19,'Quotas - Outubro a Fevereiro','Casa','Condomínio','Quotas','uploads/68baead509a966.46345194.pdf',NULL,322.45,'Expense','Gustavo',NULL,'2025-03-05','paid','2025-09-03 14:42:45'),(23,'Prestação Cred Hab','Casa','Crédito Habitação','Prestações Cred Hab',NULL,NULL,411.74,'Expense','Gustavo',NULL,'2025-06-25','paid','2025-09-03 15:48:20'),(24,'Prestação Cred Hab','Casa','Crédito Habitação','Prestações Cred Hab',NULL,NULL,411.74,'Expense','Gustavo',NULL,'2025-07-25','paid','2025-09-03 16:19:03'),(26,'Prestação Cred Hab','Casa','Crédito Habitação','Prestações Cred Hab',NULL,NULL,392.37,'Expense','Gustavo',NULL,'2025-08-25','paid','2025-09-03 16:20:07'),(53,'Seguro Vida Cred Hab','Casa','Crédito Habitação','Seguros Cred Hab',NULL,NULL,88.78,'Expense','Gustavo',NULL,'2024-01-25','paid','2025-09-03 16:38:12'),(54,'Seguro Vida Cred Hab','Casa','Crédito Habitação','Seguros Cred Hab',NULL,NULL,86.65,'Expense','Gustavo',NULL,'2024-02-25','paid','2025-09-03 16:38:20'),(55,'Seguro Vida Cred Hab','Casa','Crédito Habitação','Seguros Cred Hab',NULL,NULL,35.37,'Expense','Gustavo',NULL,'2024-03-25','paid','2025-09-03 16:38:27'),(56,'Seguro Vida Cred Hab','Casa','Crédito Habitação','Seguros Cred Hab',NULL,NULL,35.37,'Expense','Gustavo',NULL,'2024-04-25','paid','2025-09-03 16:38:34'),(57,'Seguro Vida Cred Hab','Casa','Crédito Habitação','Seguros Cred Hab',NULL,NULL,35.37,'Expense','Gustavo',NULL,'2024-05-25','paid','2025-09-03 16:38:40'),(58,'Seguro Vida Cred Hab','Casa','Crédito Habitação','Seguros Cred Hab',NULL,NULL,35.37,'Expense','Gustavo',NULL,'2024-06-25','paid','2025-09-03 16:38:46'),(59,'Seguro Vida Cred Hab','Casa','Crédito Habitação','Seguros Cred Hab',NULL,NULL,35.37,'Expense','Gustavo',NULL,'2024-07-25','paid','2025-09-03 16:38:52'),(60,'Seguro Vida Cred Hab','Casa','Crédito Habitação','Seguros Cred Hab',NULL,NULL,35.37,'Expense','Gustavo',NULL,'2024-08-25','paid','2025-09-03 16:38:58'),(61,'Seguro Vida Cred Hab','Casa','Crédito Habitação','Seguros Cred Hab',NULL,NULL,35.37,'Expense','Gustavo',NULL,'2024-09-25','paid','2025-09-03 16:39:03'),(62,'Seguro Vida Cred Hab','Casa','Crédito Habitação','Seguros Cred Hab',NULL,NULL,35.37,'Expense','Gustavo',NULL,'2024-10-25','paid','2025-09-03 16:39:09'),(63,'Seguro Vida Cred Hab','Casa','Crédito Habitação','Seguros Cred Hab',NULL,NULL,35.37,'Expense','Gustavo',NULL,'2024-11-25','paid','2025-09-03 16:39:14'),(64,'Seguro Vida Cred Hab','Casa','Crédito Habitação','Seguros Cred Hab',NULL,NULL,35.37,'Expense','Gustavo',NULL,'2024-12-25','paid','2025-09-03 16:39:19'),(65,'Seguro Vida Cred Hab','Casa','Crédito Habitação','Seguros Cred Hab',NULL,NULL,35.37,'Expense','Gustavo',NULL,'2025-01-25','paid','2025-09-03 16:39:33'),(67,'Seguro Vida Cred Hab','Casa','Crédito Habitação','Seguros Cred Hab',NULL,NULL,35.37,'Expense','Gustavo',NULL,'2025-03-25','paid','2025-09-03 16:39:49'),(68,'Seguro Vida Cred Hab','Casa','Crédito Habitação','Seguros Cred Hab',NULL,NULL,35.37,'Expense','Gustavo',NULL,'2025-04-25','paid','2025-09-03 16:39:56'),(69,'Seguro Vida Cred Hab','Casa','Crédito Habitação','Seguros Cred Hab',NULL,NULL,35.37,'Expense','Gustavo',NULL,'2025-05-25','paid','2025-09-03 16:40:02'),(70,'Seguro Vida Cred Hab','Casa','Crédito Habitação','Seguros Cred Hab',NULL,NULL,35.37,'Expense','Gustavo',NULL,'2025-06-25','paid','2025-09-03 16:40:08'),(71,'Seguro Vida Cred Hab','Casa','Crédito Habitação','Seguros Cred Hab',NULL,NULL,35.37,'Expense','Gustavo',NULL,'2025-07-25','paid','2025-09-03 16:40:13'),(72,'Seguro Vida Cred Hab','Casa','Crédito Habitação','Seguros Cred Hab',NULL,NULL,35.37,'Expense','Gustavo',NULL,'2025-08-25','paid','2025-09-03 16:40:20'),(73,'Seguro Vida Cred Hab','Casa','Crédito Habitação','Seguros Cred Hab',NULL,NULL,35.37,'Expense','Gustavo',NULL,'2025-09-25','pending','2025-09-03 16:40:33'),(74,'Seguro Vida Cred Hab','Casa','Crédito Habitação','Seguros Cred Hab',NULL,NULL,35.37,'Expense','Gustavo',NULL,'2025-10-25','pending','2025-09-03 16:40:44'),(75,'Seguro Vida Cred Hab','Casa','Crédito Habitação','Seguros Cred Hab',NULL,NULL,35.37,'Expense','Gustavo',NULL,'2025-11-25','pending','2025-09-03 16:40:51'),(76,'Seguro Vida Cred Hab','Casa','Crédito Habitação','Seguros Cred Hab',NULL,NULL,35.37,'Expense','Gustavo',NULL,'2025-12-25','pending','2025-09-03 16:40:58'),(77,'Águas e Energia do Porto','Casa','Energia & Água','Água','uploads/68b8723db348f4.34721483.pdf',NULL,18.01,'Expense','Gustavo',NULL,'2024-02-01','paid','2025-09-03 16:52:13'),(78,'Águas e Energia do Porto','Casa','Energia & Água','Água','uploads/68b872b7295c66.04276053.pdf',NULL,28.65,'Expense','Gustavo',NULL,'2024-03-27','paid','2025-09-03 16:54:15'),(79,'Águas e Energia do Porto','Casa','Energia & Água','Água','uploads/68b872f1de9305.07505614.pdf',NULL,18.81,'Expense','Gustavo',NULL,'2024-04-24','paid','2025-09-03 16:55:13'),(80,'Águas e Energia do Porto','Casa','Energia & Água','Água','uploads/68b87311e6bd08.93604336.pdf',NULL,28.41,'Expense','Gustavo',NULL,'2024-05-22','paid','2025-09-03 16:55:45'),(81,'Águas e Energia do Porto','Casa','Energia & Água','Água','uploads/68b8733b9f7886.40806351.pdf',NULL,21.53,'Expense','Gustavo',NULL,'2024-06-20','paid','2025-09-03 16:56:27'),(82,'Águas e Energia do Porto','Casa','Energia & Água','Água','uploads/68b8736b79fd75.49618909.pdf',NULL,19.32,'Expense','Gustavo',NULL,'2024-07-19','paid','2025-09-03 16:57:02'),(83,'Águas e Energia do Porto','Casa','Energia & Água','Água','uploads/68b873a32def85.01166972.pdf',NULL,28.38,'Expense','Gustavo',NULL,'2024-08-22','paid','2025-09-03 16:58:11'),(84,'Águas e Energia do Porto','Casa','Energia & Água','Água','uploads/68b873c898e451.97185100.pdf',NULL,19.32,'Expense','Gustavo',NULL,'2024-09-20','paid','2025-09-03 16:58:48'),(85,'Águas e Energia do Porto','Casa','Energia & Água','Água','uploads/68b873e95cde33.79873801.pdf',NULL,26.78,'Expense','Gustavo',NULL,'2024-10-23','paid','2025-09-03 16:59:21'),(86,'Águas e Energia do Porto','Casa','Energia & Água','Água','uploads/68b87406244fe9.38372433.pdf',NULL,25.97,'Expense','Gustavo',NULL,'2024-11-23','paid','2025-09-03 16:59:50'),(87,'Águas e Energia do Porto','Casa','Energia & Água','Água','uploads/68b87431702140.04791279.pdf',NULL,23.20,'Expense','Gustavo',NULL,'2024-12-20','paid','2025-09-03 17:00:33'),(88,'Prestação Cred Hab','Casa','Crédito Habitação','Prestações Cred Hab',NULL,NULL,392.37,'Expense','Gustavo',NULL,'2025-09-25','pending','2025-09-03 22:32:55'),(96,'Prestação Cred Hab','Casa','Crédito Habitação','Prestações Cred Hab',NULL,NULL,411.75,'Expense','Gustavo',NULL,'2025-05-25','paid','2025-09-04 08:24:31'),(100,'Quotas Outubro','Casa','Condomínio','Quotas',NULL,NULL,55.92,'Expense','Gustavo',NULL,'2025-10-04','pending','2025-09-04 08:30:29'),(102,'Prestação Cred Hab','Casa','Crédito Habitação','Prestações Cred Hab',NULL,NULL,392.37,'Expense','Gustavo',NULL,'2025-10-25','pending','2025-09-04 08:31:49'),(103,'Quotas Novembro','Casa','Condomínio',NULL,NULL,NULL,55.92,'Expense','Gustavo',NULL,'2025-11-04','pending','2025-09-04 08:37:32'),(104,'Quotas Dezembro','Casa','Condomínio',NULL,NULL,NULL,55.92,'Expense','Gustavo',NULL,'2025-12-04','pending','2025-09-04 08:38:04'),(171,'Prestação Cred Obras (1/73)','Casa','Condomínio','Crédito Obras',NULL,7,162.56,'Expense','Gustavo',NULL,'2023-04-17','paid','2025-09-04 11:12:31'),(172,'Prestação Cred Obras (2/73)','Casa','Condomínio','Crédito Obras',NULL,7,162.56,'Expense','Gustavo',NULL,'2023-05-17','paid','2025-09-04 11:12:31'),(173,'Prestação Cred Obras (3/73)','Casa','Condomínio','Crédito Obras',NULL,7,162.56,'Expense','Gustavo',NULL,'2023-06-17','paid','2025-09-04 11:12:31'),(174,'Prestação Cred Obras (4/73)','Casa','Condomínio','Crédito Obras',NULL,7,162.56,'Expense','Gustavo',NULL,'2023-07-17','paid','2025-09-04 11:12:31'),(175,'Prestação Cred Obras (5/73)','Casa','Condomínio','Crédito Obras',NULL,7,162.56,'Expense','Gustavo',NULL,'2023-08-17','paid','2025-09-04 11:12:31'),(176,'Prestação Cred Obras (6/73)','Casa','Condomínio','Crédito Obras',NULL,7,162.56,'Expense','Gustavo',NULL,'2023-09-17','paid','2025-09-04 11:12:31'),(177,'Prestação Cred Obras (7/73)','Casa','Condomínio','Crédito Obras',NULL,7,162.56,'Expense','Gustavo',NULL,'2023-10-17','paid','2025-09-04 11:12:31'),(178,'Prestação Cred Obras (8/73)','Casa','Condomínio','Crédito Obras',NULL,7,162.56,'Expense','Gustavo',NULL,'2023-11-17','paid','2025-09-04 11:12:31'),(179,'Prestação Cred Obras (9/73)','Casa','Condomínio','Crédito Obras',NULL,7,162.56,'Expense','Gustavo',NULL,'2023-12-17','paid','2025-09-04 11:12:31'),(180,'Prestação Cred Obras (10/73)','Casa','Condomínio','Crédito Obras',NULL,7,162.56,'Expense','Gustavo',NULL,'2024-01-17','paid','2025-09-04 11:12:31'),(181,'Prestação Cred Obras (11/73)','Casa','Condomínio','Crédito Obras',NULL,7,162.56,'Expense','Gustavo',NULL,'2024-02-17','paid','2025-09-04 11:12:31'),(182,'Prestação Cred Obras (12/73)','Casa','Condomínio','Crédito Obras',NULL,7,162.56,'Expense','Gustavo',NULL,'2024-03-17','paid','2025-09-04 11:12:31'),(183,'Prestação Cred Obras (13/73)','Casa','Condomínio','Crédito Obras',NULL,7,162.56,'Expense','Gustavo',NULL,'2024-04-17','paid','2025-09-04 11:12:31'),(184,'Prestação Cred Obras (14/73)','Casa','Condomínio','Crédito Obras',NULL,7,162.56,'Expense','Gustavo',NULL,'2024-05-17','paid','2025-09-04 11:12:31'),(185,'Prestação Cred Obras (15/73)','Casa','Condomínio','Crédito Obras',NULL,7,162.56,'Expense','Gustavo',NULL,'2024-06-17','paid','2025-09-04 11:12:31'),(186,'Prestação Cred Obras (16/73)','Casa','Condomínio','Crédito Obras',NULL,7,162.56,'Expense','Gustavo',NULL,'2024-07-17','paid','2025-09-04 11:12:31'),(187,'Prestação Cred Obras (17/73)','Casa','Condomínio','Crédito Obras',NULL,7,162.56,'Expense','Gustavo',NULL,'2024-08-17','paid','2025-09-04 11:12:31'),(188,'Prestação Cred Obras (18/73)','Casa','Condomínio','Crédito Obras',NULL,7,162.56,'Expense','Gustavo',NULL,'2024-09-17','paid','2025-09-04 11:12:31'),(189,'Prestação Cred Obras (19/73)','Casa','Condomínio','Crédito Obras',NULL,7,162.56,'Expense','Gustavo',NULL,'2024-10-17','paid','2025-09-04 11:12:31'),(190,'Prestação Cred Obras (20/73)','Casa','Condomínio','Crédito Obras',NULL,7,162.56,'Expense','Gustavo',NULL,'2024-11-17','paid','2025-09-04 11:12:31'),(191,'Prestação Cred Obras (21/73)','Casa','Condomínio','Crédito Obras',NULL,7,162.56,'Expense','Gustavo',NULL,'2024-12-17','paid','2025-09-04 11:12:31'),(192,'Prestação Cred Obras (22/73)','Casa','Condomínio','Crédito Obras',NULL,7,162.56,'Expense','Gustavo',NULL,'2025-01-17','paid','2025-09-04 11:12:31'),(193,'Prestação Cred Obras (23/73)','Casa','Condomínio','Crédito Obras',NULL,7,162.56,'Expense','Gustavo',NULL,'2025-02-17','paid','2025-09-04 11:12:31'),(194,'Prestação Cred Obras (24/73)','Casa','Condomínio','Crédito Obras',NULL,7,162.56,'Expense','Gustavo',NULL,'2025-03-17','paid','2025-09-04 11:12:31'),(195,'Prestação Cred Obras (25/73)','Casa','Condomínio','Crédito Obras',NULL,7,162.56,'Expense','Gustavo',NULL,'2025-04-17','paid','2025-09-04 11:12:31'),(196,'Prestação Cred Obras (26/73)','Casa','Condomínio','Crédito Obras',NULL,7,162.56,'Expense','Gustavo',NULL,'2025-05-17','paid','2025-09-04 11:12:31'),(197,'Prestação Cred Obras (27/73)','Casa','Condomínio','Crédito Obras',NULL,7,162.56,'Expense','Gustavo',NULL,'2025-06-17','paid','2025-09-04 11:12:31'),(198,'Prestação Cred Obras (28/73)','Casa','Condomínio','Crédito Obras',NULL,7,162.56,'Expense','Gustavo',NULL,'2025-07-17','paid','2025-09-04 11:12:31'),(199,'Prestação Cred Obras (29/73)','Casa','Condomínio','Crédito Obras',NULL,7,162.56,'Expense','Gustavo',NULL,'2025-08-17','paid','2025-09-04 11:12:31'),(244,'Prestação Cred Obras (30/73)','Casa','Condomínio','Crédito Obras',NULL,7,162.56,'Expense','Gustavo',NULL,'2025-09-17','pending','2025-09-04 11:23:29'),(245,'Prestação Cred Obras (31/73)','Casa','Condomínio','Crédito Obras',NULL,7,162.56,'Expense','Gustavo',NULL,'2025-10-17','pending','2025-09-04 11:23:29'),(246,'Prestação Cred Obras (32/73)','Casa','Condomínio','Crédito Obras',NULL,7,162.56,'Expense','Gustavo',NULL,'2025-11-17','pending','2025-09-04 11:23:29'),(247,'Prestação Cred Obras (33/73)','Casa','Condomínio','Crédito Obras',NULL,7,162.56,'Expense','Gustavo',NULL,'2025-12-17','pending','2025-09-04 11:23:29'),(248,'Prestação Cred Obras (34/73)','Casa','Condomínio','Crédito Obras',NULL,7,162.56,'Expense','Gustavo',NULL,'2026-01-17','pending','2025-09-04 11:23:29'),(249,'Prestação Cred Obras (35/73)','Casa','Condomínio','Crédito Obras',NULL,7,162.56,'Expense','Gustavo',NULL,'2026-02-17','pending','2025-09-04 11:23:29'),(250,'Prestação Cred Obras (36/73)','Casa','Condomínio','Crédito Obras',NULL,7,162.56,'Expense','Gustavo',NULL,'2026-03-17','pending','2025-09-04 11:23:29'),(251,'Prestação Cred Obras (37/73)','Casa','Condomínio','Crédito Obras',NULL,7,162.56,'Expense','Gustavo',NULL,'2026-04-17','pending','2025-09-04 11:23:29'),(252,'Prestação Cred Obras (38/73)','Casa','Condomínio','Crédito Obras',NULL,7,162.56,'Expense','Gustavo',NULL,'2026-05-17','pending','2025-09-04 11:23:29'),(253,'Prestação Cred Obras (39/73)','Casa','Condomínio','Crédito Obras',NULL,7,162.56,'Expense','Gustavo',NULL,'2026-06-17','pending','2025-09-04 11:23:29'),(254,'Prestação Cred Obras (40/73)','Casa','Condomínio','Crédito Obras',NULL,7,162.56,'Expense','Gustavo',NULL,'2026-07-17','pending','2025-09-04 11:23:29'),(255,'Prestação Cred Obras (41/73)','Casa','Condomínio','Crédito Obras',NULL,7,162.56,'Expense','Gustavo',NULL,'2026-08-17','pending','2025-09-04 11:23:29'),(256,'Prestação Cred Obras (42/73)','Casa','Condomínio','Crédito Obras',NULL,7,162.56,'Expense','Gustavo',NULL,'2026-09-17','pending','2025-09-04 11:23:29'),(257,'Prestação Cred Obras (43/73)','Casa','Condomínio','Crédito Obras',NULL,7,162.56,'Expense','Gustavo',NULL,'2026-10-17','pending','2025-09-04 11:23:29'),(258,'Prestação Cred Obras (44/73)','Casa','Condomínio','Crédito Obras',NULL,7,162.56,'Expense','Gustavo',NULL,'2026-11-17','pending','2025-09-04 11:23:29'),(259,'Prestação Cred Obras (45/73)','Casa','Condomínio','Crédito Obras',NULL,7,162.56,'Expense','Gustavo',NULL,'2026-12-17','pending','2025-09-04 11:23:29'),(260,'Prestação Cred Obras (46/73)','Casa','Condomínio','Crédito Obras',NULL,7,162.56,'Expense','Gustavo',NULL,'2027-01-17','pending','2025-09-04 11:23:29'),(261,'Prestação Cred Obras (47/73)','Casa','Condomínio','Crédito Obras',NULL,7,162.56,'Expense','Gustavo',NULL,'2027-02-17','pending','2025-09-04 11:23:29'),(262,'Prestação Cred Obras (48/73)','Casa','Condomínio','Crédito Obras',NULL,7,162.56,'Expense','Gustavo',NULL,'2027-03-17','pending','2025-09-04 11:23:29'),(263,'Prestação Cred Obras (49/73)','Casa','Condomínio','Crédito Obras',NULL,7,162.56,'Expense','Gustavo',NULL,'2027-04-17','pending','2025-09-04 11:23:29'),(264,'Prestação Cred Obras (50/73)','Casa','Condomínio','Crédito Obras',NULL,7,162.56,'Expense','Gustavo',NULL,'2027-05-17','pending','2025-09-04 11:23:29'),(265,'Prestação Cred Obras (51/73)','Casa','Condomínio','Crédito Obras',NULL,7,162.56,'Expense','Gustavo',NULL,'2027-06-17','pending','2025-09-04 11:23:29'),(266,'Prestação Cred Obras (52/73)','Casa','Condomínio','Crédito Obras',NULL,7,162.56,'Expense','Gustavo',NULL,'2027-07-17','pending','2025-09-04 11:23:29'),(267,'Prestação Cred Obras (53/73)','Casa','Condomínio','Crédito Obras',NULL,7,162.56,'Expense','Gustavo',NULL,'2027-08-17','pending','2025-09-04 11:23:29'),(268,'Prestação Cred Obras (54/73)','Casa','Condomínio','Crédito Obras',NULL,7,162.56,'Expense','Gustavo',NULL,'2027-09-17','pending','2025-09-04 11:23:29'),(269,'Prestação Cred Obras (55/73)','Casa','Condomínio','Crédito Obras',NULL,7,162.56,'Expense','Gustavo',NULL,'2027-10-17','pending','2025-09-04 11:23:29'),(270,'Prestação Cred Obras (56/73)','Casa','Condomínio','Crédito Obras',NULL,7,162.56,'Expense','Gustavo',NULL,'2027-11-17','pending','2025-09-04 11:23:29'),(271,'Prestação Cred Obras (57/73)','Casa','Condomínio','Crédito Obras',NULL,7,162.56,'Expense','Gustavo',NULL,'2027-12-17','pending','2025-09-04 11:23:29'),(272,'Prestação Cred Obras (58/73)','Casa','Condomínio','Crédito Obras',NULL,7,162.56,'Expense','Gustavo',NULL,'2028-01-17','pending','2025-09-04 11:23:29'),(273,'Prestação Cred Obras (59/73)','Casa','Condomínio','Crédito Obras',NULL,7,162.56,'Expense','Gustavo',NULL,'2028-02-17','pending','2025-09-04 11:23:29'),(274,'Prestação Cred Obras (60/73)','Casa','Condomínio','Crédito Obras',NULL,7,162.56,'Expense','Gustavo',NULL,'2028-03-17','pending','2025-09-04 11:23:29'),(275,'Prestação Cred Obras (61/73)','Casa','Condomínio','Crédito Obras',NULL,7,162.56,'Expense','Gustavo',NULL,'2028-04-17','pending','2025-09-04 11:23:29'),(276,'Prestação Cred Obras (62/73)','Casa','Condomínio','Crédito Obras',NULL,7,162.56,'Expense','Gustavo',NULL,'2028-05-17','pending','2025-09-04 11:23:29'),(277,'Prestação Cred Obras (63/73)','Casa','Condomínio','Crédito Obras',NULL,7,162.56,'Expense','Gustavo',NULL,'2028-06-17','pending','2025-09-04 11:23:29'),(278,'Prestação Cred Obras (64/73)','Casa','Condomínio','Crédito Obras',NULL,7,162.56,'Expense','Gustavo',NULL,'2028-07-17','pending','2025-09-04 11:23:29'),(279,'Prestação Cred Obras (65/73)','Casa','Condomínio','Crédito Obras',NULL,7,162.56,'Expense','Gustavo',NULL,'2028-08-17','pending','2025-09-04 11:23:29'),(280,'Prestação Cred Obras (66/73)','Casa','Condomínio','Crédito Obras',NULL,7,162.56,'Expense','Gustavo',NULL,'2028-09-17','pending','2025-09-04 11:23:29'),(281,'Prestação Cred Obras (67/73)','Casa','Condomínio','Crédito Obras',NULL,7,162.56,'Expense','Gustavo',NULL,'2028-10-17','pending','2025-09-04 11:23:29'),(282,'Prestação Cred Obras (68/73)','Casa','Condomínio','Crédito Obras',NULL,7,162.56,'Expense','Gustavo',NULL,'2028-11-17','pending','2025-09-04 11:23:29'),(283,'Prestação Cred Obras (69/73)','Casa','Condomínio','Crédito Obras',NULL,7,162.56,'Expense','Gustavo',NULL,'2028-12-17','pending','2025-09-04 11:23:29'),(284,'Prestação Cred Obras (70/73)','Casa','Condomínio','Crédito Obras',NULL,7,162.56,'Expense','Gustavo',NULL,'2029-01-17','pending','2025-09-04 11:23:29'),(285,'Prestação Cred Obras (71/73)','Casa','Condomínio','Crédito Obras',NULL,7,162.56,'Expense','Gustavo',NULL,'2029-02-17','pending','2025-09-04 11:23:29'),(286,'Prestação Cred Obras (72/73)','Casa','Condomínio','Crédito Obras',NULL,7,162.56,'Expense','Gustavo',NULL,'2029-03-17','pending','2025-09-04 11:23:29'),(287,'Prestação Cred Obras (73/73)','Casa','Condomínio','Crédito Obras',NULL,7,162.56,'Expense','Gustavo',NULL,'2029-04-17','pending','2025-09-04 11:23:29'),(288,'Coopernico','Casa','Energia & Água','Energia','uploads/68b97b84594fd9.57710264.pdf',NULL,102.11,'Expense','Gustavo',NULL,'2024-03-09','paid','2025-09-04 11:44:04'),(289,'Coopernico','Casa','Energia & Água','Energia','uploads/68b97bdaee9429.08659720.pdf',NULL,49.04,'Expense','Gustavo',NULL,'2024-04-13','paid','2025-09-04 11:45:30'),(290,'Coopernico','Casa','Energia & Água','Energia','uploads/68b97c144d3816.77325949.pdf',NULL,45.34,'Expense','Gustavo',NULL,'2024-05-11','paid','2025-09-04 11:46:28'),(291,'Coopernico','Casa','Energia & Água','Energia','uploads/68b97c3b8e2181.57814087.pdf',NULL,48.86,'Expense','Gustavo',NULL,'2024-06-08','paid','2025-09-04 11:47:07'),(292,'Coopernico','Casa','Energia & Água','Energia','uploads/68b97c66a80596.98869916.pdf',NULL,61.63,'Expense','Gustavo',NULL,'2024-07-20','paid','2025-09-04 11:47:50'),(293,'Coopernico','Casa','Energia & Água','Energia','uploads/68b97c997c9849.28844776.pdf',NULL,64.77,'Expense','Gustavo',NULL,'2024-08-10','paid','2025-09-04 11:48:41'),(294,'Coopernico','Casa','Energia & Água','Energia','uploads/68b97cc060be02.88917593.pdf',NULL,84.57,'Expense','Gustavo',NULL,'2024-09-07','paid','2025-09-04 11:49:20'),(295,'Coopernico','Casa','Energia & Água','Energia','uploads/68b97ceecd7815.46831026.pdf',NULL,53.17,'Expense','Gustavo',NULL,'2024-09-25','paid','2025-09-04 11:50:06'),(296,'Coopernico','Casa','Energia & Água','Energia','uploads/68b97d310e72b3.71617884.pdf',NULL,113.49,'Expense','Gustavo',NULL,'2024-12-07','paid','2025-09-04 11:51:13'),(297,'Coopernico','Casa','Energia & Água','Energia','uploads/68b97d6c839ce8.23793671.pdf',NULL,26.45,'Expense','Gustavo',NULL,'2024-12-14','paid','2025-09-04 11:52:12'),(298,'Coopernico','Casa','Energia & Água','Energia','uploads/68b97d931948c2.66142863.pdf',NULL,88.05,'Expense','Gustavo',NULL,'2025-06-07','paid','2025-09-04 11:52:51'),(299,'Coopernico','Casa','Energia & Água','Energia','uploads/68b97dda06e6f3.99078663.pdf',NULL,77.69,'Expense','Gustavo',NULL,'2025-07-16','paid','2025-09-04 11:54:02'),(300,'G9','Casa','Energia & Água','Energia','uploads/68b9802beb70c6.96568397.pdf',NULL,80.16,'Expense','Gustavo',NULL,'2025-03-31','paid','2025-09-04 12:03:55'),(301,'G9','Casa','Energia & Água','Energia','uploads/68b98054a7f505.01640707.pdf',NULL,48.73,'Expense','Gustavo',NULL,'2025-04-20','paid','2025-09-04 12:04:36'),(302,'Prestação Cred Hab','Casa','Crédito Habitação','Prestações Cred Hab',NULL,NULL,349.05,'Expense','Gustavo',NULL,'2023-01-25','paid','2025-09-04 14:22:03'),(304,'Prestação Cred Hab','Casa','Crédito Habitação','Prestações Cred Hab',NULL,NULL,394.99,'Expense','Gustavo',NULL,'2023-02-25','paid','2025-09-04 14:27:22'),(305,'Prestação Cred Hab','Casa','Crédito Habitação','Prestações Cred Hab',NULL,NULL,394.99,'Expense','Gustavo',NULL,'2023-03-25','paid','2025-09-04 14:27:22'),(306,'Prestação Cred Hab','Casa','Crédito Habitação','Prestações Cred Hab',NULL,NULL,394.99,'Expense','Gustavo',NULL,'2023-04-25','paid','2025-09-04 14:27:22'),(310,'Prestação Cred Hab','Casa','Crédito Habitação','Prestações Cred Hab',NULL,NULL,434.07,'Expense','Gustavo',NULL,'2023-05-25','paid','2025-09-04 14:30:03'),(311,'Prestação Cred Hab','Casa','Crédito Habitação','Prestações Cred Hab',NULL,NULL,434.07,'Expense','Gustavo',NULL,'2023-06-25','paid','2025-09-04 14:30:03'),(312,'Prestação Cred Hab','Casa','Crédito Habitação','Prestações Cred Hab',NULL,NULL,434.07,'Expense','Gustavo',NULL,'2023-07-25','paid','2025-09-04 14:30:03'),(319,'Prestação Cred Hab','Casa','Crédito Habitação','Prestações Cred Hab',NULL,NULL,463.93,'Expense','Gustavo',NULL,'2023-08-25','paid','2025-09-04 14:32:22'),(320,'Prestação Cred Hab','Casa','Crédito Habitação','Prestações Cred Hab',NULL,NULL,463.93,'Expense','Gustavo',NULL,'2023-09-25','paid','2025-09-04 14:32:22'),(321,'Prestação Cred Hab','Casa','Crédito Habitação','Prestações Cred Hab',NULL,NULL,463.93,'Expense','Gustavo',NULL,'2023-10-25','paid','2025-09-04 14:32:22'),(322,'Prestação Cred Hab','Casa','Crédito Habitação','Prestações Cred Hab',NULL,NULL,477.22,'Expense','Gustavo',NULL,'2023-11-25','paid','2025-09-04 14:33:15'),(323,'Prestação Cred Hab','Casa','Crédito Habitação','Prestações Cred Hab',NULL,NULL,477.22,'Expense','Gustavo',NULL,'2023-12-25','paid','2025-09-04 14:33:15'),(324,'Prestação Cred Hab','Casa','Crédito Habitação','Prestações Cred Hab',NULL,NULL,477.22,'Expense','Gustavo',NULL,'2024-01-25','paid','2025-09-04 14:33:15'),(328,'Prestação Cred Hab','Casa','Crédito Habitação','Prestações Cred Hab',NULL,NULL,479.89,'Expense','Gustavo',NULL,'2024-02-25','paid','2025-09-04 14:40:05'),(329,'Prestação Cred Hab','Casa','Crédito Habitação','Prestações Cred Hab',NULL,NULL,479.89,'Expense','Gustavo',NULL,'2024-03-25','paid','2025-09-04 14:40:05'),(330,'Prestação Cred Hab','Casa','Crédito Habitação','Prestações Cred Hab',NULL,NULL,479.89,'Expense','Gustavo',NULL,'2024-04-25','paid','2025-09-04 14:40:05'),(346,'Prestação Cred Hab','Casa','Crédito Habitação','Prestações Cred Hab',NULL,NULL,479.31,'Expense','Gustavo',NULL,'2024-05-25','paid','2025-09-04 14:44:59'),(347,'Prestação Cred Hab','Casa','Crédito Habitação','Prestações Cred Hab',NULL,NULL,479.31,'Expense','Gustavo',NULL,'2024-06-25','paid','2025-09-04 14:44:59'),(348,'Prestação Cred Hab','Casa','Crédito Habitação','Prestações Cred Hab',NULL,NULL,479.31,'Expense','Gustavo',NULL,'2024-07-25','paid','2025-09-04 14:44:59'),(352,'Prestação Cred Hab','Casa','Crédito Habitação','Prestações Cred Hab',NULL,NULL,469.80,'Expense','Gustavo',NULL,'2024-08-25','paid','2025-09-04 14:46:42'),(353,'Prestação Cred Hab','Casa','Crédito Habitação','Prestações Cred Hab',NULL,NULL,469.80,'Expense','Gustavo',NULL,'2024-09-25','paid','2025-09-04 14:46:42'),(354,'Prestação Cred Hab','Casa','Crédito Habitação','Prestações Cred Hab',NULL,NULL,469.80,'Expense','Gustavo',NULL,'2024-10-25','paid','2025-09-04 14:46:42'),(358,'Prestação Cred Hab','Casa','Crédito Habitação','Prestações Cred Hab',NULL,NULL,456.15,'Expense','Gustavo',NULL,'2024-11-25','paid','2025-09-04 14:49:01'),(359,'Prestação Cred Hab','Casa','Crédito Habitação','Prestações Cred Hab',NULL,NULL,456.15,'Expense','Gustavo',NULL,'2024-12-25','paid','2025-09-04 14:49:01'),(360,'Prestação Cred Hab','Casa','Crédito Habitação','Prestações Cred Hab',NULL,NULL,456.15,'Expense','Gustavo',NULL,'2025-01-25','paid','2025-09-04 14:49:01'),(364,'Prestação Cred Hab','Casa','Crédito Habitação','Prestações Cred Hab',NULL,NULL,428.50,'Expense','Gustavo',NULL,'2025-02-25','paid','2025-09-04 14:52:38'),(365,'Prestação Cred Hab','Casa','Crédito Habitação','Prestações Cred Hab',NULL,NULL,428.50,'Expense','Gustavo',NULL,'2025-03-25','paid','2025-09-04 14:52:38'),(366,'Prestação Cred Hab','Casa','Crédito Habitação','Prestações Cred Hab',NULL,NULL,428.50,'Expense','Gustavo',NULL,'2025-04-25','paid','2025-09-04 14:52:38'),(367,'Seguro Vida Cred Hab','Casa','Crédito Habitação','Seguros Cred Hab',NULL,NULL,83.42,'Expense','Gustavo',NULL,'2023-01-01','paid','2025-09-04 14:54:50'),(368,'Seguro Vida Cred Hab','Casa','Crédito Habitação','Seguros Cred Hab',NULL,NULL,80.51,'Expense','Gustavo',NULL,'2023-02-01','paid','2025-09-04 14:56:56'),(369,'Seguro Vida Cred Hab','Casa','Crédito Habitação','Seguros Cred Hab',NULL,NULL,80.51,'Expense','Gustavo',NULL,'2023-03-01','paid','2025-09-04 14:57:19'),(370,'Seguro Vida Cred Hab','Casa','Crédito Habitação','Seguros Cred Hab',NULL,NULL,80.51,'Expense','Gustavo',NULL,'2023-04-01','paid','2025-09-04 14:58:56'),(371,'Seguro Vida Cred Hab','Casa','Crédito Habitação','Seguros Cred Hab',NULL,NULL,80.51,'Expense','Gustavo',NULL,'2023-05-01','paid','2025-09-04 14:58:56'),(372,'Seguro Vida Cred Hab','Casa','Crédito Habitação','Seguros Cred Hab',NULL,NULL,80.51,'Expense','Gustavo',NULL,'2023-06-01','paid','2025-09-04 14:58:56'),(373,'Seguro Vida Cred Hab','Casa','Crédito Habitação','Seguros Cred Hab',NULL,NULL,80.51,'Expense','Gustavo',NULL,'2023-07-01','paid','2025-09-04 14:58:56'),(374,'Seguro Vida Cred Hab','Casa','Crédito Habitação','Seguros Cred Hab',NULL,NULL,80.51,'Expense','Gustavo',NULL,'2023-08-01','paid','2025-09-04 14:58:56'),(375,'Seguro Vida Cred Hab','Casa','Crédito Habitação','Seguros Cred Hab',NULL,NULL,80.51,'Expense','Gustavo',NULL,'2023-09-01','paid','2025-09-04 14:58:56'),(376,'Seguro Vida Cred Hab','Casa','Crédito Habitação','Seguros Cred Hab',NULL,NULL,80.51,'Expense','Gustavo',NULL,'2023-10-01','paid','2025-09-04 14:58:56'),(377,'Seguro Vida Cred Hab','Casa','Crédito Habitação','Seguros Cred Hab',NULL,NULL,80.51,'Expense','Gustavo',NULL,'2023-11-01','paid','2025-09-04 14:58:56'),(378,'Seguro Vida Cred Hab','Casa','Crédito Habitação','Seguros Cred Hab',NULL,NULL,80.51,'Expense','Gustavo',NULL,'2023-12-01','paid','2025-09-04 14:58:56'),(379,'Águas e Energia do Porto','Casa','Energia & Água','Água','uploads/68b9aa9765deb9.39873278.pdf',NULL,21.88,'Expense','Gustavo',NULL,'2023-01-21','paid','2025-09-04 15:04:55'),(380,'Águas e Energia do Porto','Casa','Energia & Água','Água','uploads/68b9aac1d9c1e3.41385310.pdf',NULL,22.49,'Expense','Gustavo',NULL,'2023-02-22','paid','2025-09-04 15:05:37'),(381,'Águas e Energia do Porto','Casa','Energia & Água','Água','uploads/68b9aafc5e2f06.87399029.pdf',NULL,18.16,'Expense','Gustavo',NULL,'2023-03-23','paid','2025-09-04 15:06:36'),(382,'Águas e Energia do Porto','Casa','Energia & Água','Água','uploads/68b9ab29245554.00225366.pdf',NULL,22.81,'Expense','Gustavo',NULL,'2023-04-20','paid','2025-09-04 15:07:21'),(383,'Águas e Energia do Porto','Casa','Energia & Água','Água','uploads/68b9ab531a8047.58017354.pdf',NULL,22.78,'Expense','Gustavo',NULL,'2023-05-24','paid','2025-09-04 15:08:03'),(384,'Águas e Energia do Porto','Casa','Energia & Água','Água','uploads/68b9ab7b02cfb3.94864360.pdf',NULL,20.25,'Expense','Gustavo',NULL,'2023-06-21','paid','2025-09-04 15:08:43'),(385,'Águas e Energia do Porto','Casa','Energia & Água','Água','uploads/68b9aba36279c9.09189026.pdf',NULL,20.72,'Expense','Gustavo',NULL,'2023-07-21','paid','2025-09-04 15:09:23'),(386,'Águas e Energia do Porto','Casa','Energia & Água','Água','uploads/68b9abc904ac67.49703236.pdf',NULL,18.37,'Expense','Gustavo',NULL,'2023-08-19','paid','2025-09-04 15:10:01'),(387,'Águas e Energia do Porto','Casa','Energia & Água','Água','uploads/68b9abff5cca86.69676813.pdf',NULL,21.24,'Expense','Gustavo',NULL,'2023-09-21','paid','2025-09-04 15:10:55'),(388,'Águas e Energia do Porto','Casa','Energia & Água','Água','uploads/68b9ac21c167c9.54613664.pdf',NULL,20.20,'Expense','Gustavo',NULL,'2023-10-21','paid','2025-09-04 15:11:29'),(389,'Águas e Energia do Porto','Casa','Energia & Água','Água','uploads/68b9ac43b25522.13352722.pdf',NULL,23.36,'Expense','Gustavo',NULL,'2023-11-22','paid','2025-09-04 15:12:03'),(390,'Águas e Energia do Porto','Casa','Energia & Água','Água','uploads/68b9ac6bce4a55.30812627.pdf',NULL,22.84,'Expense','Gustavo',NULL,'2023-12-26','paid','2025-09-04 15:12:43'),(391,'Águas e Energia do Porto','Casa','Energia & Água','Água','uploads/68b9acd785f378.79071155.pdf',NULL,23.09,'Expense','Gustavo',NULL,'2024-01-24','paid','2025-09-04 15:14:31'),(392,'GoldEnergy','Casa','Energia & Água','Energia','uploads/68b9ae86d63012.91434708.pdf',NULL,59.15,'Expense','Gustavo',NULL,'2023-12-06','paid','2025-09-04 15:21:42'),(393,'GoldEnergy','Casa','Energia & Água','Energia','uploads/68b9aeccd90c37.35752633.pdf',NULL,57.74,'Expense','Gustavo',NULL,'2024-01-05','paid','2025-09-04 15:22:52'),(394,'GoldEnergy','Casa','Energia & Água','Energia','uploads/68b9af01c3aa90.75647699.pdf',NULL,63.84,'Expense','Gustavo',NULL,'2024-01-31','paid','2025-09-04 15:23:45'),(395,'Luzboa','Casa','Energia & Água','Energia','uploads/68b9af90df7af3.03868627.pdf',NULL,30.04,'Expense','Gustavo',NULL,'2023-03-13','paid','2025-09-04 15:26:08'),(396,'Luzboa','Casa','Energia & Água','Energia','uploads/68b9afdb7ed9b0.95458587.pdf',NULL,34.63,'Expense','Gustavo',NULL,'2023-04-03','paid','2025-09-04 15:27:23'),(397,'Luzboa','Casa','Energia & Água','Energia','uploads/68b9b007c4f054.91291598.pdf',NULL,7.75,'Expense','Gustavo',NULL,'2023-05-03','paid','2025-09-04 15:28:07'),(398,'Luzboa','Casa','Energia & Água','Energia','uploads/68b9b02ae9ceb6.49641534.pdf',NULL,15.18,'Expense','Gustavo',NULL,'2023-06-05','paid','2025-09-04 15:28:42'),(399,'Luzboa','Casa','Energia & Água','Energia','uploads/68b9b06507c411.11943624.pdf',NULL,10.97,'Expense','Gustavo',NULL,'2023-07-03','paid','2025-09-04 15:29:41'),(400,'Luzboa','Casa','Energia & Água','Energia','uploads/68b9b08c19a938.19601336.pdf',NULL,35.35,'Expense','Gustavo',NULL,'2023-08-01','paid','2025-09-04 15:30:20'),(401,'Luzboa','Casa','Energia & Água','Energia','uploads/68b9b0acdd3762.93523503.pdf',NULL,49.12,'Expense','Gustavo',NULL,'2023-09-04','paid','2025-09-04 15:30:52'),(402,'Luzboa','Casa','Energia & Água','Energia','uploads/68b9b0dbefcf89.49535308.pdf',NULL,51.88,'Expense','Gustavo',NULL,'2023-10-03','paid','2025-09-04 15:31:39'),(403,'Luzboa','Casa','Energia & Água','Energia','uploads/68b9b11f6ad576.46526595.pdf',NULL,38.85,'Expense','Gustavo',NULL,'2023-10-27','paid','2025-09-04 15:32:47'),(404,'Digi','Francisco','Comunicações e entretenimento',NULL,NULL,NULL,5.00,'Expense','Gustavo',NULL,'2025-02-05','paid','2025-09-04 16:36:57'),(405,'Digi','Francisco','Comunicações e entretenimento',NULL,NULL,NULL,5.00,'Expense','Gustavo',NULL,'2025-03-05','paid','2025-09-04 16:36:57'),(406,'Digi','Francisco','Comunicações e entretenimento',NULL,NULL,NULL,5.00,'Expense','Gustavo',NULL,'2025-04-05','paid','2025-09-04 16:36:57'),(407,'Digi','Francisco','Comunicações e entretenimento',NULL,NULL,NULL,5.00,'Expense','Gustavo',NULL,'2025-05-05','paid','2025-09-04 16:36:57'),(408,'Digi','Francisco','Comunicações e entretenimento',NULL,NULL,NULL,5.00,'Expense','Gustavo',NULL,'2025-06-05','paid','2025-09-04 16:36:57'),(409,'Digi','Francisco','Comunicações e entretenimento',NULL,NULL,NULL,5.00,'Expense','Gustavo',NULL,'2025-07-05','paid','2025-09-04 16:36:57'),(410,'Digi','Francisco','Comunicações e entretenimento',NULL,NULL,NULL,5.00,'Expense','Gustavo',NULL,'2025-08-05','paid','2025-09-04 16:36:57'),(411,'Digi','Francisco','Comunicações e entretenimento',NULL,NULL,NULL,5.00,'Expense','Gustavo',NULL,'2025-09-05','paid','2025-09-04 16:36:57'),(415,'Vodafone','Casa','TV e Comunicações','TV e Telefone',NULL,NULL,74.79,'Expense','Filipa',NULL,'2025-03-10','paid','2025-09-04 16:53:51'),(416,'Vodafone','Casa','TV e Comunicações','TV e Telefone',NULL,NULL,74.79,'Expense','Filipa',NULL,'2025-04-07','paid','2025-09-04 16:54:17'),(417,'Vodafone','Casa','TV e Comunicações','TV e Telefone',NULL,NULL,74.79,'Expense','Filipa',NULL,'2025-05-12','paid','2025-09-04 16:54:42'),(418,'Vodafone','Casa','TV e Comunicações','TV e Telefone',NULL,NULL,74.79,'Expense','Filipa',NULL,'2025-06-05','paid','2025-09-04 16:54:56'),(419,'Vodafone','Casa','TV e Comunicações','TV e Telefone',NULL,NULL,74.79,'Expense','Filipa',NULL,'2025-07-08','paid','2025-09-04 16:55:15'),(420,'Vodafone','Casa','TV e Comunicações','TV e Telefone',NULL,NULL,86.86,'Expense','Filipa',NULL,'2025-08-06','paid','2025-09-04 16:55:53'),(421,'Vodafone','Casa','TV e Comunicações','TV e Telefone',NULL,NULL,88.04,'Expense','Filipa',NULL,'2025-09-05','paid','2025-09-04 16:56:50'),(422,'Vodafone','Casa','TV e Comunicações','TV e Telefone',NULL,NULL,66.90,'Expense','Filipa',NULL,'2023-01-12','paid','2025-09-04 17:07:52'),(423,'Vodafone','Casa','TV e Comunicações','TV e Telefone',NULL,NULL,66.90,'Expense','Filipa',NULL,'2023-02-10','paid','2025-09-04 17:08:21'),(424,'Vodafone','Casa','TV e Comunicações','TV e Telefone',NULL,NULL,66.90,'Expense','Filipa',NULL,'2023-03-15','paid','2025-09-04 17:09:13'),(425,'Vodafone','Casa','TV e Comunicações','TV e Telefone',NULL,NULL,69.48,'Expense','Filipa',NULL,'2023-04-13','paid','2025-09-04 17:10:37'),(426,'Vodafone','Casa','TV e Comunicações','TV e Telefone',NULL,NULL,71.68,'Expense','Filipa',NULL,'2023-05-16','paid','2025-09-04 17:11:11'),(427,'Vodafone','Casa','TV e Comunicações','TV e Telefone',NULL,NULL,71.67,'Expense','Filipa',NULL,'2023-06-14','paid','2025-09-04 17:11:48'),(428,'Vodafone','Casa','TV e Comunicações','TV e Telefone',NULL,NULL,71.67,'Expense','Filipa',NULL,'2023-07-12','paid','2025-09-04 17:12:15'),(429,'Vodafone','Casa','TV e Comunicações','TV e Telefone',NULL,NULL,71.67,'Expense','Filipa',NULL,'2023-08-10','paid','2025-09-04 17:12:42'),(430,'Vodafone','Casa','TV e Comunicações','TV e Telefone',NULL,NULL,71.67,'Expense','Filipa',NULL,'2023-09-12','paid','2025-09-04 17:13:11'),(431,'Vodafone','Casa','TV e Comunicações','TV e Telefone',NULL,NULL,71.67,'Expense','Filipa',NULL,'2023-10-12','paid','2025-09-04 17:13:37'),(432,'Vodafone','Casa','TV e Comunicações','TV e Telefone',NULL,NULL,71.67,'Expense','Filipa',NULL,'2023-11-14','paid','2025-09-04 17:13:48'),(433,'Vodafone','Casa','TV e Comunicações','TV e Telefone',NULL,NULL,74.67,'Expense','Filipa',NULL,'2023-12-14','paid','2025-09-04 17:14:11'),(434,'Vodafone','Casa','TV e Comunicações','TV e Telefone',NULL,NULL,74.67,'Expense','Filipa',NULL,'2024-01-16','paid','2025-09-04 17:14:29'),(435,'Vodafone','Casa','TV e Comunicações','TV e Telefone',NULL,NULL,74.67,'Expense','Filipa',NULL,'2024-02-14','paid','2025-09-04 17:14:56'),(436,'Vodafone','Casa','TV e Comunicações','TV e Telefone',NULL,NULL,76.25,'Expense','Filipa',NULL,'2024-03-13','paid','2025-09-04 17:16:12'),(437,'Vodafone','Casa','TV e Comunicações','TV e Telefone',NULL,NULL,77.54,'Expense','Filipa',NULL,'2024-04-12','paid','2025-09-04 17:18:04'),(438,'Vodafone','Casa','TV e Comunicações','TV e Telefone',NULL,NULL,77.54,'Expense','Filipa',NULL,'2024-05-16','paid','2025-09-04 17:18:20'),(439,'Vodafone','Casa','TV e Comunicações','TV e Telefone',NULL,NULL,77.54,'Expense','Filipa',NULL,'2024-06-20','paid','2025-09-04 17:18:32'),(440,'Vodafone','Casa','TV e Comunicações','TV e Telefone',NULL,NULL,74.54,'Expense','Filipa',NULL,'2024-07-12','paid','2025-09-04 17:19:05'),(441,'Vodafone','Casa','TV e Comunicações','TV e Telefone',NULL,NULL,30.26,'Expense','Filipa',NULL,'2024-08-10','paid','2025-09-04 17:19:36'),(442,'Vodafone','Casa','TV e Comunicações','TV e Telefone',NULL,NULL,74.79,'Expense','Filipa',NULL,'2024-09-11','paid','2025-09-04 17:19:56'),(443,'Vodafone','Casa','TV e Comunicações','TV e Telefone',NULL,NULL,74.79,'Expense','Filipa',NULL,'2024-10-11','paid','2025-09-04 17:20:21'),(444,'Vodafone','Casa','TV e Comunicações','TV e Telefone',NULL,NULL,75.56,'Expense','Filipa',NULL,'2024-11-13','paid','2025-09-04 17:21:05'),(445,'Vodafone','Casa','TV e Comunicações','TV e Telefone',NULL,NULL,74.79,'Expense','Filipa',NULL,'2024-12-12','paid','2025-09-04 17:21:47'),(446,'Vodafone','Casa','TV e Comunicações','TV e Telefone',NULL,NULL,74.79,'Expense','Filipa',NULL,'2025-01-16','paid','2025-09-04 17:22:28'),(447,'Vodafone','Casa','TV e Comunicações','TV e Telefone',NULL,NULL,74.79,'Expense','Filipa',NULL,'2025-02-05','paid','2025-09-04 17:22:44'),(448,'Salário',NULL,NULL,NULL,NULL,NULL,1634.93,'Income','Gustavo',NULL,'2025-08-25','paid','2025-09-04 18:36:11'),(452,'Salário + Subsídio Férias',NULL,NULL,NULL,NULL,NULL,2765.86,'Income','Gustavo',NULL,'2025-07-25','paid','2025-09-04 18:53:39'),(453,'Salário',NULL,NULL,NULL,NULL,NULL,1382.93,'Income','Gustavo',NULL,'2025-06-20','paid','2025-09-04 18:54:39'),(454,'Salário',NULL,NULL,NULL,NULL,NULL,1382.93,'Income','Gustavo',NULL,'2025-05-26','paid','2025-09-04 18:55:32'),(455,'Salário',NULL,NULL,NULL,NULL,NULL,1382.93,'Income','Gustavo',NULL,'2025-01-27','paid','2025-09-04 18:56:30'),(456,'Salário',NULL,NULL,NULL,NULL,NULL,1382.93,'Income','Gustavo',NULL,'2025-02-20','paid','2025-09-04 18:56:48'),(457,'Salário',NULL,NULL,NULL,NULL,NULL,1382.93,'Income','Gustavo',NULL,'2025-03-25','paid','2025-09-04 18:57:10'),(458,'Salário',NULL,NULL,NULL,NULL,NULL,1382.93,'Income','Gustavo',NULL,'2025-04-25','paid','2025-09-04 18:59:48'),(459,'A Casa','Francisco','Educação','Centro Estudos',NULL,NULL,105.00,'Expense','Filipa',NULL,'2025-09-08','paid','2025-09-04 19:02:16'),(460,'Snr Carlos','Francisco','Transportes','Sr. Carlos',NULL,NULL,35.00,'Expense','Filipa',NULL,'2025-09-01','paid','2025-09-04 19:03:32'),(461,'Snr Carlos','Francisco','Transportes','Sr. Carlos',NULL,NULL,35.00,'Expense','Filipa',NULL,'2025-10-01','pending','2025-09-04 19:03:32'),(462,'Snr Carlos','Francisco','Transportes','Sr. Carlos',NULL,NULL,35.00,'Expense','Filipa',NULL,'2025-11-01','pending','2025-09-04 19:03:32'),(463,'Snr Carlos','Francisco','Transportes','Sr. Carlos',NULL,NULL,35.00,'Expense','Filipa',NULL,'2025-12-01','pending','2025-09-04 19:03:32'),(464,'Snr Carlos','Francisco','Transportes','Sr. Carlos',NULL,NULL,35.00,'Expense','Filipa',NULL,'2026-01-01','pending','2025-09-04 19:03:32'),(465,'Snr Carlos','Francisco','Transportes','Sr. Carlos',NULL,NULL,35.00,'Expense','Filipa',NULL,'2026-02-01','pending','2025-09-04 19:03:32'),(466,'Snr Carlos','Francisco','Transportes','Sr. Carlos',NULL,NULL,35.00,'Expense','Filipa',NULL,'2026-03-01','pending','2025-09-04 19:03:32'),(467,'Snr Carlos','Francisco','Transportes','Sr. Carlos',NULL,NULL,35.00,'Expense','Filipa',NULL,'2026-04-01','pending','2025-09-04 19:03:32'),(468,'Snr Carlos','Francisco','Transportes','Sr. Carlos',NULL,NULL,35.00,'Expense','Filipa',NULL,'2026-05-01','pending','2025-09-04 19:03:32'),(469,'Snr Carlos','Francisco','Transportes','Sr. Carlos',NULL,NULL,35.00,'Expense','Filipa',NULL,'2026-06-01','pending','2025-09-04 19:03:32'),(470,'Salário',NULL,NULL,NULL,NULL,NULL,1283.60,'Income','Gustavo',NULL,'2023-02-27','paid','2025-09-05 08:09:34'),(471,'Salário',NULL,NULL,NULL,NULL,NULL,1299.67,'Income','Gustavo',NULL,'2023-01-30','paid','2025-09-05 08:11:30'),(472,'Salário',NULL,NULL,NULL,NULL,NULL,1280.00,'Income','Gustavo',NULL,'2023-04-28','paid','2025-09-05 08:13:12'),(473,'Salário',NULL,NULL,NULL,NULL,NULL,1303.00,'Income','Gustavo',NULL,'2023-05-30','paid','2025-09-05 08:15:00'),(474,'Salário',NULL,NULL,NULL,NULL,NULL,1305.36,'Income','Gustavo',NULL,'2023-03-29','paid','2025-09-05 08:16:10'),(475,'Salário',NULL,NULL,NULL,NULL,NULL,1385.32,'Income','Gustavo',NULL,'2023-06-23','paid','2025-09-05 08:16:58'),(476,'Salário',NULL,NULL,NULL,NULL,NULL,2713.89,'Income','Gustavo',NULL,'2023-07-27','paid','2025-09-05 08:17:36'),(477,'Salário',NULL,NULL,NULL,NULL,NULL,1423.07,'Income','Gustavo',NULL,'2023-08-23','paid','2025-09-05 08:18:25'),(478,'Salário',NULL,NULL,NULL,NULL,NULL,1417.32,'Income','Gustavo',NULL,'2023-09-23','paid','2025-09-05 08:21:57'),(479,'Salário',NULL,NULL,NULL,NULL,NULL,1417.32,'Income','Gustavo',NULL,'2023-10-23','paid','2025-09-05 08:22:15'),(480,'Salário',NULL,NULL,NULL,NULL,NULL,2713.89,'Income','Gustavo',NULL,'2023-11-23','paid','2025-09-05 08:22:44'),(481,'Salário',NULL,NULL,NULL,NULL,NULL,1901.35,'Income','Gustavo',NULL,'2023-12-23','paid','2025-09-05 08:23:15'),(482,'Salário',NULL,NULL,NULL,NULL,NULL,1474.07,'Income','Gustavo',NULL,'2024-01-29','paid','2025-09-05 08:24:54'),(483,'Salário',NULL,NULL,NULL,NULL,NULL,1360.93,'Income','Gustavo',NULL,'2024-03-25','paid','2025-09-05 08:26:58'),(484,'Salário',NULL,NULL,NULL,NULL,NULL,1360.93,'Income','Gustavo',NULL,'2024-04-24','paid','2025-09-05 08:27:21'),(485,'Salário',NULL,NULL,NULL,NULL,NULL,1360.93,'Income','Gustavo',NULL,'2024-05-24','paid','2025-09-05 08:27:49'),(486,'Salário',NULL,NULL,NULL,NULL,NULL,1360.93,'Income','Gustavo',NULL,'2024-06-24','paid','2025-09-05 08:28:15'),(487,'Salário',NULL,NULL,NULL,NULL,NULL,2721.86,'Income','Gustavo',NULL,'2024-07-24','paid','2025-09-05 08:29:00'),(488,'Salário',NULL,NULL,NULL,NULL,NULL,1360.93,'Income','Gustavo',NULL,'2024-08-24','paid','2025-09-05 08:29:21'),(489,'Salário',NULL,NULL,NULL,NULL,NULL,1628.93,'Income','Gustavo',NULL,'2024-09-24','paid','2025-09-05 08:30:04'),(490,'Salário',NULL,NULL,NULL,NULL,NULL,1628.93,'Income','Gustavo',NULL,'2024-10-24','paid','2025-09-05 08:30:25'),(491,'Salário',NULL,NULL,NULL,NULL,NULL,2755.86,'Income','Gustavo',NULL,'2024-11-24','paid','2025-09-05 08:30:58'),(492,'Salário',NULL,NULL,NULL,NULL,NULL,1409.87,'Income','Gustavo',NULL,'2024-12-24','paid','2025-09-05 08:31:24'),(493,'SU Electricidade','Casa','Energia & Água','Energia','uploads/68bad6c0506606.98897142.pdf',NULL,157.22,'Expense','Gustavo',NULL,'2023-02-06','paid','2025-09-05 12:25:36'),(494,'SU Electricidade','Casa','Energia & Água','Energia','uploads/68bad7a8435e22.59701642.pdf',NULL,81.71,'Expense','Gustavo',NULL,'2024-10-28','paid','2025-09-05 12:29:28'),(495,'Obras Reabilitação Edifício','Casa','Condomínio','Obras','uploads/68baec337ac223.57225560.pdf',NULL,2987.07,'Expense','Gustavo',NULL,'2023-03-02','paid','2025-09-05 13:57:07'),(496,'Quotas - Janeiro a Março','Casa','Condomínio','Quotas','uploads/68baecccb5d113.82378079.pdf',NULL,185.43,'Expense','Gustavo',NULL,'2023-03-20','paid','2025-09-05 13:59:40'),(497,'Obras Reabilitação Edifício','Casa','Condomínio','Obras','uploads/68baed336c7387.24163497.pdf',NULL,995.69,'Expense','Gustavo',NULL,'2023-05-24','paid','2025-09-05 14:01:23'),(498,'Obras Reabilitação Edifício','Casa','Condomínio','Obras','uploads/68baed951f0b08.81708786.pdf',NULL,995.69,'Expense','Gustavo',NULL,'2023-06-20','paid','2025-09-05 14:03:01'),(499,'Quotas + Obras Reabilitação Edifício','Casa','Condomínio','Obras','uploads/68baedef8eb652.60824694.pdf',NULL,1181.12,'Expense','Gustavo',NULL,'2023-04-18','paid','2025-09-05 14:04:31'),(503,'Quotas + Obras Reabilitação Edifício','Casa','Condomínio','Obras','uploads/68baeed8dfa5f3.77058982.pdf',NULL,1181.12,'Expense','Gustavo',NULL,'2023-07-03','paid','2025-09-05 14:08:24'),(504,'Obras Reabilitação Edifício','Casa','Condomínio','Obras','uploads/68baef384a8021.69507914.pdf',NULL,995.69,'Expense','Gustavo',NULL,'2023-08-15','paid','2025-09-05 14:10:00'),(505,'Quotas + Obras Reabilitação Edifício + Terraço Norte','Casa','Condomínio','Obras','uploads/68baf00a2c26d7.51892345.pdf',NULL,1950.56,'Expense','Gustavo',NULL,'2024-04-22','paid','2025-09-05 14:13:30'),(507,'Quotas - Julho a Setembro','Casa','Condomínio','Quotas','uploads/68baf0d71464d8.29210214.pdf',NULL,193.47,'Expense','Gustavo',NULL,'2025-09-05','paid','2025-09-05 14:16:55'),(508,'Obras Reabilitação Edifício + Terraço Norte + Granito','Casa','Condomínio','Obras','uploads/68baf12ecc9b41.03282851.pdf',NULL,1987.94,'Expense','Gustavo',NULL,'2024-07-29','paid','2025-09-05 14:18:22'),(509,'Quotas e Obras','Casa','Condomínio','Obras','uploads/68bb10282390e8.33542261.pdf',NULL,904.52,'Expense','Gustavo',NULL,'2025-08-12','paid','2025-09-05 16:30:32'),(512,'Obras, Quotas e Seguro','Casa','Condomínio','Obras','uploads/68bb1392abc021.05263788.pdf',NULL,451.11,'Expense','Gustavo',NULL,'2025-08-28','paid','2025-09-05 16:45:06'),(514,'Netflix','Casa','TV e Comunicações','Streaming',NULL,NULL,12.99,'Expense','Gustavo',NULL,'2025-02-28','paid','2025-09-05 17:14:53'),(515,'Netflix','Casa','TV e Comunicações','Streaming',NULL,NULL,12.99,'Expense','Gustavo',NULL,'2025-03-28','paid','2025-09-05 17:14:53'),(516,'Netflix','Casa','TV e Comunicações','Streaming',NULL,NULL,12.99,'Expense','Gustavo',NULL,'2025-04-28','paid','2025-09-05 17:14:53'),(517,'Netflix','Casa','TV e Comunicações','Streaming',NULL,NULL,12.99,'Expense','Gustavo',NULL,'2025-05-28','paid','2025-09-05 17:14:53'),(518,'Netflix','Casa','TV e Comunicações','Streaming',NULL,NULL,12.99,'Expense','Gustavo',NULL,'2025-06-28','paid','2025-09-05 17:14:53'),(519,'Netflix','Casa','TV e Comunicações','Streaming',NULL,NULL,12.99,'Expense','Gustavo',NULL,'2025-07-28','paid','2025-09-05 17:14:53'),(520,'Netflix','Casa','TV e Comunicações','Streaming',NULL,NULL,12.99,'Expense','Gustavo',NULL,'2025-08-28','paid','2025-09-05 17:14:53'),(521,'Netflix','Casa','TV e Comunicações','Streaming',NULL,NULL,11.99,'Expense','Gustavo',NULL,'2024-09-27','paid','2025-09-05 17:19:32'),(522,'Netflix','Casa','TV e Comunicações','Streaming',NULL,NULL,11.99,'Expense','Gustavo',NULL,'2024-10-27','paid','2025-09-05 17:19:32'),(523,'Netflix','Casa','TV e Comunicações','Streaming',NULL,NULL,11.99,'Expense','Gustavo',NULL,'2024-11-27','paid','2025-09-05 17:19:32'),(524,'Netflix','Casa','TV e Comunicações','Streaming',NULL,NULL,11.99,'Expense','Gustavo',NULL,'2024-12-27','paid','2025-09-05 17:19:32'),(525,'Netflix','Casa','TV e Comunicações','Streaming',NULL,NULL,11.99,'Expense','Gustavo',NULL,'2025-01-27','paid','2025-09-05 17:19:32'),(526,'Spotify','Casa','TV e Comunicações','Streaming',NULL,NULL,10.49,'Expense','Gustavo',NULL,'2024-10-26','paid','2025-09-05 17:22:18'),(527,'Spotify','Casa','TV e Comunicações','Streaming',NULL,NULL,10.49,'Expense','Gustavo',NULL,'2024-11-26','paid','2025-09-05 17:22:18'),(528,'Spotify','Casa','TV e Comunicações','Streaming',NULL,NULL,10.49,'Expense','Gustavo',NULL,'2024-12-26','paid','2025-09-05 17:22:18'),(529,'Spotify','Casa','TV e Comunicações','Streaming',NULL,NULL,10.49,'Expense','Gustavo',NULL,'2025-01-26','paid','2025-09-05 17:22:18'),(530,'Spotify','Casa','TV e Comunicações','Streaming',NULL,NULL,10.49,'Expense','Gustavo',NULL,'2025-02-26','paid','2025-09-05 17:22:18'),(531,'Spotify','Casa','TV e Comunicações','Streaming',NULL,NULL,10.49,'Expense','Gustavo',NULL,'2025-03-26','paid','2025-09-05 17:22:18'),(532,'Spotify','Casa','TV e Comunicações','Streaming',NULL,NULL,10.49,'Expense','Gustavo',NULL,'2025-04-26','paid','2025-09-05 17:22:18'),(533,'Spotify','Casa','TV e Comunicações','Streaming',NULL,NULL,10.49,'Expense','Gustavo',NULL,'2025-05-26','paid','2025-09-05 17:22:18'),(534,'Spotify','Casa','TV e Comunicações','Streaming',NULL,NULL,10.49,'Expense','Gustavo',NULL,'2025-06-26','paid','2025-09-05 17:22:18'),(535,'Spotify','Casa','TV e Comunicações','Streaming',NULL,NULL,10.49,'Expense','Gustavo',NULL,'2025-07-26','paid','2025-09-05 17:22:18'),(536,'Spotify','Casa','TV e Comunicações','Streaming',NULL,NULL,10.49,'Expense','Gustavo',NULL,'2025-08-26','paid','2025-09-05 17:22:18'),(537,'Quotas Clube de Leça - Janeiro a Junho','Lazer','Memberships','Clube de Leça','uploads/68bb2a27a853f6.78792462.pdf',NULL,150.00,'Expense','Gustavo',NULL,'2023-04-05','paid','2025-09-05 18:21:27'),(539,'Quotas Clube de Leça - Julho a Setembro','Lazer','Memberships','Clube de Leça','uploads/68bb2b96bcadb9.02581575.pdf',NULL,75.00,'Expense','Gustavo',NULL,'2023-08-01','paid','2025-09-05 18:27:34'),(540,'Quotas Clube de Leça - Outubro a Dezembro','Lazer','Memberships','Clube de Leça','uploads/68bb2c616b67d8.53280921.pdf',NULL,75.00,'Expense','Gustavo',NULL,'2023-11-30','paid','2025-09-05 18:30:57'),(541,'Quotas Clube de Leça - Janeiro a Março','Lazer','Memberships','Clube de Leça','uploads/68bb2cded52a46.04513411.pdf',NULL,75.00,'Expense','Gustavo',NULL,'2024-02-28','paid','2025-09-05 18:33:02'),(542,'Quotas Clube de Leça - Abril a Dezembro','Lazer','Memberships','Clube de Leça','uploads/68bb2ed113d6a3.81935046.pdf',NULL,225.00,'Expense','Gustavo',NULL,'2024-10-25','paid','2025-09-05 18:41:21'),(545,'Quotas Clube de Leça - Janeiro a Setembro','Lazer','Memberships','Clube de Leça','uploads/68bb2f76b40fe9.84523867.pdf',NULL,225.00,'Expense','Gustavo',NULL,'2025-07-28','paid','2025-09-05 18:44:06'),(548,'Quotas Clube de Leça - Outubro a Dezembro','Lazer','Memberships','Clube de Leça',NULL,NULL,75.00,'Expense','Gustavo',NULL,'2025-10-01','pending','2025-09-05 18:46:33'),(549,'Seguro Vida Cred Hab',NULL,NULL,NULL,NULL,NULL,35.37,'Expense','Gustavo',NULL,'2025-02-25','paid','2025-09-09 09:48:09'),(550,'Paj GPS Finder',NULL,NULL,NULL,NULL,NULL,6.99,'Expense','Gustavo',NULL,'2024-08-11','paid','2025-09-11 11:07:05'),(551,'Paj GPS Finder',NULL,NULL,NULL,NULL,NULL,6.99,'Expense','Gustavo',NULL,'2024-09-01','paid','2025-09-11 11:07:05'),(552,'Paj GPS Finder',NULL,NULL,NULL,NULL,NULL,6.99,'Expense','Gustavo',NULL,'2024-10-01','paid','2025-09-11 11:07:05'),(553,'Paj GPS Finder',NULL,NULL,NULL,NULL,NULL,6.99,'Expense','Gustavo',NULL,'2024-11-01','paid','2025-09-11 11:07:05'),(554,'Paj GPS Finder',NULL,NULL,NULL,NULL,NULL,6.99,'Expense','Gustavo',NULL,'2024-12-01','paid','2025-09-11 11:07:05'),(555,'Paj GPS Finder',NULL,NULL,NULL,NULL,NULL,6.99,'Expense','Gustavo',NULL,'2025-01-01','paid','2025-09-11 11:07:05'),(556,'Paj GPS Finder',NULL,NULL,NULL,NULL,NULL,6.99,'Expense','Gustavo',NULL,'2025-02-01','paid','2025-09-11 11:07:05'),(557,'Paj GPS Finder',NULL,NULL,NULL,NULL,NULL,6.99,'Expense','Gustavo',NULL,'2025-03-01','paid','2025-09-11 11:07:05'),(558,'Paj GPS Finder',NULL,NULL,NULL,NULL,NULL,6.99,'Expense','Gustavo',NULL,'2025-04-01','paid','2025-09-11 11:07:05'),(559,'Paj GPS Finder',NULL,NULL,NULL,NULL,NULL,6.99,'Expense','Gustavo',NULL,'2025-05-01','paid','2025-09-11 11:07:05'),(560,'Paj GPS Finder',NULL,NULL,NULL,NULL,NULL,6.99,'Expense','Gustavo',NULL,'2025-06-01','paid','2025-09-11 11:07:05'),(561,'Paj GPS Finder',NULL,NULL,NULL,NULL,NULL,6.99,'Expense','Gustavo',NULL,'2025-07-01','paid','2025-09-11 11:07:05'),(562,'Paj GPS Finder',NULL,NULL,NULL,NULL,NULL,6.99,'Expense','Gustavo',NULL,'2025-08-01','paid','2025-09-11 11:07:05'),(563,'Paj GPS Finder',NULL,NULL,NULL,NULL,NULL,6.99,'Expense','Gustavo',NULL,'2025-09-01','paid','2025-09-11 11:07:05'),(565,'Paj GPS Finder',NULL,NULL,NULL,NULL,NULL,6.99,'Expense','Gustavo',NULL,'2025-10-01','pending','2025-09-11 11:13:49'),(566,'Paj GPS Finder',NULL,NULL,NULL,NULL,NULL,6.99,'Expense','Gustavo',NULL,'2025-11-01','pending','2025-09-11 11:13:49'),(567,'Paj GPS Finder',NULL,NULL,NULL,NULL,NULL,6.99,'Expense','Gustavo',NULL,'2025-12-01','pending','2025-09-11 11:13:49'),(568,'Paj GPS Finder',NULL,NULL,NULL,NULL,NULL,6.99,'Expense','Gustavo',NULL,'2026-01-01','pending','2025-09-11 11:13:49'),(569,'Paj GPS Finder',NULL,NULL,NULL,NULL,NULL,6.99,'Expense','Gustavo',NULL,'2026-02-01','pending','2025-09-11 11:13:49'),(570,'Paj GPS Finder',NULL,NULL,NULL,NULL,NULL,6.99,'Expense','Gustavo',NULL,'2026-03-01','pending','2025-09-11 11:13:49'),(571,'Paj GPS Finder',NULL,NULL,NULL,NULL,NULL,6.99,'Expense','Gustavo',NULL,'2026-04-01','pending','2025-09-11 11:13:49'),(572,'Paj GPS Finder',NULL,NULL,NULL,NULL,NULL,6.99,'Expense','Gustavo',NULL,'2026-05-01','pending','2025-09-11 11:13:49'),(573,'Paj GPS Finder',NULL,NULL,NULL,NULL,NULL,6.99,'Expense','Gustavo',NULL,'2026-06-01','pending','2025-09-11 11:13:49'),(574,'Paj GPS Finder',NULL,NULL,NULL,NULL,NULL,6.99,'Expense','Gustavo',NULL,'2026-07-01','pending','2025-09-11 11:13:49'),(575,'Paj GPS Finder',NULL,NULL,NULL,NULL,NULL,6.99,'Expense','Gustavo',NULL,'2026-08-01','pending','2025-09-11 11:13:49'),(576,'Paj GPS Finder',NULL,NULL,NULL,NULL,NULL,6.99,'Expense','Gustavo',NULL,'2026-09-01','pending','2025-09-11 11:13:49'),(577,'Seguro Mota 16/07/2025 a 15/07/2026',NULL,NULL,NULL,NULL,NULL,93.47,'Expense','Gustavo',NULL,'2025-07-15','paid','2025-09-11 11:19:56'),(578,'Seguro Mota 16/07/2024 a 15/07/2025',NULL,NULL,NULL,NULL,NULL,90.17,'Expense','Gustavo',NULL,'2024-07-10','paid','2025-09-11 11:23:25'),(579,'Seguro Mota 16/07/2023 a 15/07/2024',NULL,NULL,NULL,NULL,NULL,85.47,'Expense','Gustavo',NULL,'2023-07-06','paid','2025-09-11 11:24:31'),(580,'Águas e Energia do Porto',NULL,NULL,NULL,NULL,NULL,15.78,'Expense','Gustavo',NULL,'2025-09-24','pending','2025-09-11 15:00:03'),(581,'Netflix',NULL,NULL,NULL,NULL,NULL,12.99,'Expense','Gustavo',NULL,'2025-10-11','pending','2025-09-11 15:06:04'),(582,'Spotify',NULL,NULL,NULL,NULL,NULL,10.49,'Expense','Gustavo',NULL,'2025-10-11','pending','2025-09-11 15:06:13'),(583,'Sapatilhas Puma',NULL,NULL,NULL,NULL,NULL,102.00,'Expense','Gustavo',NULL,'2025-06-08','paid','2025-09-11 17:20:24'),(584,'Sapatilhas Puma',NULL,NULL,NULL,NULL,NULL,83.00,'Expense','Gustavo',NULL,'2025-03-26','paid','2025-09-11 17:23:31'),(585,'Sapatilhas Puma',NULL,NULL,NULL,NULL,NULL,52.00,'Expense','Gustavo',NULL,'2025-03-07','paid','2025-09-11 17:26:06'),(586,'Sapatilhas Puma',NULL,NULL,NULL,NULL,NULL,59.95,'Expense','Gustavo',NULL,'2025-01-08','paid','2025-09-11 17:27:44'),(587,'Sapatilhas Puma',NULL,NULL,NULL,NULL,NULL,29.95,'Expense','Gustavo',NULL,'2024-12-26','paid','2025-09-11 17:29:50'),(588,'Sapatilhas Puma',NULL,NULL,NULL,NULL,NULL,94.90,'Expense','Gustavo',NULL,'2024-12-15','paid','2025-09-11 17:33:01'),(589,'Sapatilhas Puma',NULL,NULL,NULL,NULL,NULL,49.90,'Expense','Gustavo',NULL,'2024-09-25','paid','2025-09-11 17:48:37'),(590,'Sapatilhas Puma',NULL,NULL,NULL,NULL,NULL,57.00,'Expense','Gustavo',NULL,'2024-07-31','paid','2025-09-11 17:50:07'),(591,'Sapatilhas Puma',NULL,NULL,NULL,NULL,NULL,53.00,'Expense','Gustavo',NULL,'2024-08-30','paid','2025-09-11 17:50:57'),(592,'Ibelectra',NULL,NULL,NULL,NULL,NULL,38.56,'Expense','Gustavo',NULL,'2025-09-26','pending','2025-09-11 18:06:55'),(593,'Revisão Mota',NULL,NULL,NULL,NULL,NULL,102.60,'Expense','Gustavo',NULL,'2025-09-12','paid','2025-09-12 09:48:21'),(594,'Seguro Mota 16/07/2025 a 15/07/2026',NULL,NULL,NULL,NULL,NULL,93.47,'Expense','Gustavo',NULL,'2026-07-12','pending','2025-09-12 09:49:52'),(595,'Supermercado',NULL,NULL,NULL,NULL,NULL,84.00,'Expense','Filipa',NULL,'2025-09-06','paid','2025-09-12 19:15:12'),(596,'Dentista Francisco',NULL,NULL,NULL,NULL,NULL,45.00,'Expense','Filipa',NULL,'2025-09-08','paid','2025-09-12 19:16:52');
/*!40000 ALTER TABLE `transactions` ENABLE KEYS */;
UNLOCK TABLES;
/*!40103 SET TIME_ZONE=@OLD_TIME_ZONE */;

/*!40101 SET SQL_MODE=@OLD_SQL_MODE */;
/*!40014 SET FOREIGN_KEY_CHECKS=@OLD_FOREIGN_KEY_CHECKS */;
/*!40014 SET UNIQUE_CHECKS=@OLD_UNIQUE_CHECKS */;
/*!40101 SET CHARACTER_SET_CLIENT=@OLD_CHARACTER_SET_CLIENT */;
/*!40101 SET CHARACTER_SET_RESULTS=@OLD_CHARACTER_SET_RESULTS */;
/*!40101 SET COLLATION_CONNECTION=@OLD_COLLATION_CONNECTION */;
/*!40111 SET SQL_NOTES=@OLD_SQL_NOTES */;

-- Dump completed on 2025-09-15  8:44:58
