/*M!999999\- enable the sandbox mode */ 
-- MariaDB dump 10.19  Distrib 10.5.29-MariaDB, for debian-linux-gnu (x86_64)
--
-- Host: localhost    Database: expenses_pessoal
-- ------------------------------------------------------
-- Server version	10.5.29-MariaDB-0+deb11u1

/*!40101 SET @OLD_CHARACTER_SET_CLIENT=@@CHARACTER_SET_CLIENT */;
/*!40101 SET @OLD_CHARACTER_SET_RESULTS=@@CHARACTER_SET_RESULTS */;
/*!40101 SET @OLD_COLLATION_CONNECTION=@@COLLATION_CONNECTION */;
/*!40101 SET NAMES utf8mb4 */;
/*!40103 SET @OLD_TIME_ZONE=@@TIME_ZONE */;
/*!40103 SET TIME_ZONE='+00:00' */;
/*!40014 SET @OLD_UNIQUE_CHECKS=@@UNIQUE_CHECKS, UNIQUE_CHECKS=0 */;
/*!40014 SET @OLD_FOREIGN_KEY_CHECKS=@@FOREIGN_KEY_CHECKS, FOREIGN_KEY_CHECKS=0 */;
/*!40101 SET @OLD_SQL_MODE=@@SQL_MODE, SQL_MODE='NO_AUTO_VALUE_ON_ZERO' */;
/*!40111 SET @OLD_SQL_NOTES=@@SQL_NOTES, SQL_NOTES=0 */;

--
-- Table structure for table `cost_centers`
--

DROP TABLE IF EXISTS `cost_centers`;
/*!40101 SET @saved_cs_client     = @@character_set_client */;
/*!40101 SET character_set_client = utf8mb4 */;
CREATE TABLE `cost_centers` (
  `id` int(11) NOT NULL AUTO_INCREMENT,
  `name` varchar(255) NOT NULL,
  PRIMARY KEY (`id`),
  UNIQUE KEY `name` (`name`)
) ENGINE=InnoDB AUTO_INCREMENT=10 DEFAULT CHARSET=utf8mb4 COLLATE=utf8mb4_general_ci;
/*!40101 SET character_set_client = @saved_cs_client */;

--
-- Dumping data for table `cost_centers`
--

LOCK TABLES `cost_centers` WRITE;
/*!40000 ALTER TABLE `cost_centers` DISABLE KEYS */;
INSERT INTO `cost_centers` VALUES (5,'Alimentação'),(1,'Casa'),(9,'Filipa'),(7,'Francisco'),(8,'Gustavo'),(3,'Lazer'),(4,'Outros'),(6,'Saúde'),(2,'Transportes');
/*!40000 ALTER TABLE `cost_centers` ENABLE KEYS */;
UNLOCK TABLES;

--
-- Table structure for table `loans`
--

DROP TABLE IF EXISTS `loans`;
/*!40101 SET @saved_cs_client     = @@character_set_client */;
/*!40101 SET character_set_client = utf8mb4 */;
CREATE TABLE `loans` (
  `id` int(11) NOT NULL AUTO_INCREMENT,
  `name` varchar(255) NOT NULL,
  `total_amount` decimal(10,2) NOT NULL,
  `monthly_payment` decimal(10,2) NOT NULL,
  `interest_rate` decimal(5,2) DEFAULT 0.00,
  `start_date` date NOT NULL,
  `end_date` date DEFAULT NULL,
  `cost_center` varchar(255) DEFAULT NULL,
  `subcategory` varchar(255) DEFAULT NULL,
  `person` varchar(255) DEFAULT NULL,
  `created_at` timestamp NOT NULL DEFAULT current_timestamp(),
  PRIMARY KEY (`id`)
) ENGINE=InnoDB AUTO_INCREMENT=8 DEFAULT CHARSET=utf8mb4 COLLATE=utf8mb4_general_ci;
/*!40101 SET character_set_client = @saved_cs_client */;

--
-- Dumping data for table `loans`
--

LOCK TABLES `loans` WRITE;
/*!40000 ALTER TABLE `loans` DISABLE KEYS */;
INSERT INTO `loans` VALUES (7,'Obras Condomínio',11866.88,162.56,0.00,'2023-04-17','2029-04-17','0','Condomínio','Gustavo','2025-09-04 11:12:31');
/*!40000 ALTER TABLE `loans` ENABLE KEYS */;
UNLOCK TABLES;

--
-- Table structure for table `subcategories`
--

DROP TABLE IF EXISTS `subcategories`;
/*!40101 SET @saved_cs_client     = @@character_set_client */;
/*!40101 SET character_set_client = utf8mb4 */;
CREATE TABLE `subcategories` (
  `id` int(11) NOT NULL AUTO_INCREMENT,
  `name` varchar(255) NOT NULL,
  `cost_center_id` int(11) NOT NULL,
  `parent_id` int(11) DEFAULT NULL,
  PRIMARY KEY (`id`),
  UNIQUE KEY `name` (`name`,`cost_center_id`),
  KEY `cost_center_id` (`cost_center_id`),
  KEY `fk_parent_subcategory` (`parent_id`),
  CONSTRAINT `fk_parent_subcategory` FOREIGN KEY (`parent_id`) REFERENCES `subcategories` (`id`) ON DELETE SET NULL,
  CONSTRAINT `subcategories_ibfk_1` FOREIGN KEY (`cost_center_id`) REFERENCES `cost_centers` (`id`) ON DELETE CASCADE
) ENGINE=InnoDB AUTO_INCREMENT=50 DEFAULT CHARSET=utf8mb4 COLLATE=utf8mb4_general_ci;
/*!40101 SET character_set_client = @saved_cs_client */;

--
-- Dumping data for table `subcategories`
--

LOCK TABLES `subcategories` WRITE;
/*!40000 ALTER TABLE `subcategories` DISABLE KEYS */;
INSERT INTO `subcategories` VALUES (1,'Hipoteca',1,NULL),(2,'Energia & Água',1,NULL),(4,'Outros',1,NULL),(5,'Cinema',3,NULL),(6,'Jantares',3,NULL),(7,'Outros',3,NULL),(8,'Donativos',4,NULL),(9,'Geral',4,NULL),(12,'Manutenção',1,NULL),(13,'Condomínio',1,NULL),(14,'Supermercado',5,NULL),(15,'Restauração',5,NULL),(16,'Take-away',5,NULL),(17,'Combustível',2,NULL),(18,'Manutenção Veículo',2,NULL),(19,'Transportes Públicos',2,NULL),(20,'Farmácia',6,NULL),(21,'Consultas',6,NULL),(22,'Férias',3,NULL),(23,'Vestuário',4,NULL),(24,'Educação',4,NULL),(25,'Seguros',2,NULL),(26,'Educação',7,NULL),(27,'Vestuário',7,NULL),(28,'Transportes',7,NULL),(29,'Comunicações',7,NULL),(30,'Comunicações',1,NULL),(31,'Empréstimo',1,1),(34,'Sr. Carlos',7,28),(35,'Digi',7,29),(36,'Centro Estudos',7,26),(37,'Seguros',1,1),(40,'Obras',1,13),(41,'Quotas',1,13),(48,'Energia',1,2),(49,'Água',1,2);
/*!40000 ALTER TABLE `subcategories` ENABLE KEYS */;
UNLOCK TABLES;

--
-- Table structure for table `transactions`
--

DROP TABLE IF EXISTS `transactions`;
/*!40101 SET @saved_cs_client     = @@character_set_client */;
/*!40101 SET character_set_client = utf8mb4 */;
CREATE TABLE `transactions` (
  `id` int(11) NOT NULL AUTO_INCREMENT,
  `description` varchar(255) NOT NULL,
  `cost_center` varchar(100) DEFAULT NULL,
  `subcategory` varchar(100) DEFAULT NULL,
  `sub_subcategory` varchar(255) DEFAULT NULL,
  `file_path` varchar(255) DEFAULT NULL,
  `loan_id` int(11) DEFAULT NULL,
  `amount` decimal(10,2) NOT NULL,
  `type` enum('Income','Expense','Acerto') NOT NULL,
  `person` varchar(50) NOT NULL,
  `person_to` varchar(50) DEFAULT NULL,
  `transaction_date` date NOT NULL,
  `status` enum('paid','pending') NOT NULL DEFAULT 'paid',
  `created_at` timestamp NOT NULL DEFAULT current_timestamp(),
  PRIMARY KEY (`id`),
  KEY `loan_id` (`loan_id`)
) ENGINE=InnoDB AUTO_INCREMENT=493 DEFAULT CHARSET=utf8mb4 COLLATE=utf8mb4_unicode_ci;
/*!40101 SET character_set_client = @saved_cs_client */;

--
-- Dumping data for table `transactions`
--

LOCK TABLES `transactions` WRITE;
/*!40000 ALTER TABLE `transactions` DISABLE KEYS */;
INSERT INTO `transactions` VALUES (1,'Ibelectra','Casa','Energia & Água','Energia','uploads/68b97e5118e956.12294866.pdf',NULL,10.47,'Expense','Gustavo',NULL,'2025-07-15','paid','2025-09-03 14:29:16'),(2,'Ibelectra','Casa','Energia & Água','Energia','uploads/68b97e95f0fbe9.27786088.pdf',NULL,104.16,'Expense','Gustavo',NULL,'2025-09-02','paid','2025-09-03 14:29:43'),(3,'G9','Casa','Energia & Água','Energia','uploads/68b97ee34dcf83.31020739.pdf',NULL,72.29,'Expense','Gustavo',NULL,'2024-12-31','paid','2025-09-03 14:30:44'),(4,'G9','Casa','Energia & Água','Energia','uploads/68b97f0d948855.31559378.pdf',NULL,101.60,'Expense','Gustavo',NULL,'2025-01-31','paid','2025-09-03 14:31:08'),(5,'G9','Casa','Energia & Água','Energia','uploads/68b97faea4ed89.13017871.pdf',NULL,95.95,'Expense','Gustavo',NULL,'2025-03-03','paid','2025-09-03 14:31:39'),(7,'Energia','Casa','Energia & Água','Energia',NULL,NULL,48.73,'Expense','Gustavo',NULL,'2025-04-20','paid','2025-09-03 14:32:48'),(8,'Água','Casa','Energia & Água','Água','uploads/68b8c0400cbe09.59515764.pdf',NULL,29.19,'Expense','Gustavo',NULL,'2025-01-24','paid','2025-09-03 14:35:47'),(9,'Água','Casa','Energia & Água','Água',NULL,NULL,23.20,'Expense','Gustavo',NULL,'2025-01-02','paid','2025-09-03 14:36:17'),(10,'Água','Casa','Energia & Água','Água','uploads/68b8c0686551b8.72264581.pdf',NULL,24.25,'Expense','Gustavo',NULL,'2025-02-21','paid','2025-09-03 14:36:41'),(11,'Água','Casa','Energia & Água','Água','uploads/68b8c08dbb7dd5.42336111.pdf',NULL,25.09,'Expense','Gustavo',NULL,'2025-03-24','paid','2025-09-03 14:37:06'),(12,'Água','Casa','Energia & Água','Água','uploads/68b8c0b0ab4fb2.21785967.pdf',NULL,19.95,'Expense','Gustavo',NULL,'2025-04-28','paid','2025-09-03 14:38:14'),(13,'Água','Casa','Energia & Água','Água','uploads/68b8c0d9af04f0.36249863.pdf',NULL,27.66,'Expense','Gustavo',NULL,'2025-05-23','paid','2025-09-03 14:38:31'),(14,'Água','Casa','Energia & Água','Água','uploads/68b8c101ceadd8.58576580.pdf',NULL,22.23,'Expense','Gustavo',NULL,'2025-06-20','paid','2025-09-03 14:38:51'),(16,'Água','Casa','Energia & Água','Água','uploads/68b8c12b64aca8.09227514.pdf',NULL,20.20,'Expense','Gustavo',NULL,'2025-07-25','paid','2025-09-03 14:40:07'),(18,'Água','Casa','Energia & Água','Água','uploads/68b8712a11c9e4.15511677.pdf',NULL,27.40,'Expense','Gustavo',NULL,'2025-08-22','paid','2025-09-03 14:41:12'),(19,'Condomínio','Casa','Condomínio',NULL,NULL,NULL,322.45,'Expense','Gustavo',NULL,'2025-03-05','paid','2025-09-03 14:42:45'),(20,'Condomínio','Casa','Condomínio',NULL,'uploads/68b94d85af30d4.31900919.pdf',NULL,451.11,'Expense','Gustavo',NULL,'2025-08-28','paid','2025-09-03 14:45:32'),(21,'Condomínio','Casa','Condomínio',NULL,'uploads/68b870ae91bf15.75802002.pdf',NULL,904.52,'Expense','Gustavo',NULL,'2025-08-12','paid','2025-09-03 14:46:37'),(22,'Hipoteca','Casa','Hipoteca',NULL,NULL,NULL,69.82,'Expense','Gustavo',NULL,'2025-06-25','paid','2025-09-03 15:47:46'),(23,'Hipoteca','Casa','Hipoteca',NULL,NULL,NULL,341.92,'Expense','Gustavo',NULL,'2025-06-25','paid','2025-09-03 15:48:20'),(24,'Hipoteca','Casa','Hipoteca','Empréstimo',NULL,NULL,341.92,'Expense','Gustavo',NULL,'2025-07-25','paid','2025-09-03 16:19:03'),(25,'Hipoteca','Casa','Hipoteca','Empréstimo',NULL,NULL,69.82,'Expense','Gustavo',NULL,'2025-07-25','paid','2025-09-03 16:19:18'),(26,'Hipoteca','Casa','Hipoteca',NULL,NULL,NULL,325.96,'Expense','Gustavo',NULL,'2025-08-25','paid','2025-09-03 16:20:07'),(27,'Hipoteca','Casa','Hipoteca',NULL,NULL,NULL,66.41,'Expense','Gustavo',NULL,'2025-08-25','paid','2025-09-03 16:20:32'),(39,'Emprestimo Obras Prédio','Casa','Condomínio',NULL,NULL,NULL,162.56,'Expense','Gustavo',NULL,'2024-10-17','paid','2025-09-03 16:26:37'),(40,'Emprestimo Obras Prédio','Casa','Condomínio',NULL,NULL,NULL,162.56,'Expense','Gustavo',NULL,'2024-11-17','paid','2025-09-03 16:26:49'),(53,'Seguro Vida Hipoteca','Casa','Hipoteca','Seguros',NULL,NULL,88.78,'Expense','Gustavo',NULL,'2024-01-25','paid','2025-09-03 16:38:12'),(54,'Seguro Vida Hipoteca','Casa','Hipoteca','Seguros',NULL,NULL,86.65,'Expense','Gustavo',NULL,'2024-02-25','paid','2025-09-03 16:38:20'),(55,'Seguro Vida Hipoteca','Casa','Hipoteca','Seguros',NULL,NULL,35.37,'Expense','Gustavo',NULL,'2024-03-25','paid','2025-09-03 16:38:27'),(56,'Seguro Vida Hipoteca','Casa','Hipoteca','Seguros',NULL,NULL,35.37,'Expense','Gustavo',NULL,'2024-04-25','paid','2025-09-03 16:38:34'),(57,'Seguro Vida Hipoteca','Casa','Hipoteca','Seguros',NULL,NULL,35.37,'Expense','Gustavo',NULL,'2024-05-25','paid','2025-09-03 16:38:40'),(58,'Seguro Vida Hipoteca','Casa','Hipoteca','Seguros',NULL,NULL,35.37,'Expense','Gustavo',NULL,'2024-06-25','paid','2025-09-03 16:38:46'),(59,'Seguro Vida Hipoteca','Casa','Hipoteca','Seguros',NULL,NULL,35.37,'Expense','Gustavo',NULL,'2024-07-25','paid','2025-09-03 16:38:52'),(60,'Seguro Vida Hipoteca','Casa','Hipoteca','Seguros',NULL,NULL,35.37,'Expense','Gustavo',NULL,'2024-08-25','paid','2025-09-03 16:38:58'),(61,'Seguro Vida Hipoteca','Casa','Hipoteca','Seguros',NULL,NULL,35.37,'Expense','Gustavo',NULL,'2024-09-25','paid','2025-09-03 16:39:03'),(62,'Seguro Vida Hipoteca','Casa','Hipoteca','Seguros',NULL,NULL,35.37,'Expense','Gustavo',NULL,'2024-10-25','paid','2025-09-03 16:39:09'),(63,'Seguro Vida Hipoteca','Casa','Hipoteca','Seguros',NULL,NULL,35.37,'Expense','Gustavo',NULL,'2024-11-25','paid','2025-09-03 16:39:14'),(64,'Seguro Vida Hipoteca','Casa','Hipoteca','Seguros',NULL,NULL,35.37,'Expense','Gustavo',NULL,'2024-12-25','paid','2025-09-03 16:39:19'),(65,'Seguro Vida Hipoteca','Casa','Hipoteca','Seguros',NULL,NULL,35.37,'Expense','Gustavo',NULL,'2025-01-25','paid','2025-09-03 16:39:33'),(66,'Seguro Vida Hipoteca','Casa','Hipoteca','Seguros',NULL,NULL,35.37,'Expense','Gustavo',NULL,'2025-02-25','paid','2025-09-03 16:39:43'),(67,'Seguro Vida Hipoteca','Casa','Hipoteca','Seguros',NULL,NULL,35.37,'Expense','Gustavo',NULL,'2025-03-25','paid','2025-09-03 16:39:49'),(68,'Seguro Vida Hipoteca','Casa','Hipoteca','Seguros',NULL,NULL,35.37,'Expense','Gustavo',NULL,'2025-04-25','paid','2025-09-03 16:39:56'),(69,'Seguro Vida Hipoteca','Casa','Hipoteca','Seguros',NULL,NULL,35.37,'Expense','Gustavo',NULL,'2025-05-25','paid','2025-09-03 16:40:02'),(70,'Seguro Vida Hipoteca','Casa','Hipoteca','Seguros',NULL,NULL,35.37,'Expense','Gustavo',NULL,'2025-06-25','paid','2025-09-03 16:40:08'),(71,'Seguro Vida Hipoteca','Casa','Hipoteca','Seguros',NULL,NULL,35.37,'Expense','Gustavo',NULL,'2025-07-25','paid','2025-09-03 16:40:13'),(72,'Seguro Vida Hipoteca','Casa','Hipoteca','Seguros',NULL,NULL,35.37,'Expense','Gustavo',NULL,'2025-08-25','paid','2025-09-03 16:40:20'),(73,'Seguro Vida Hipoteca','Casa','Hipoteca','Seguros',NULL,NULL,35.37,'Expense','Gustavo',NULL,'2025-09-25','pending','2025-09-03 16:40:33'),(74,'Seguro Vida Hipoteca','Casa','Hipoteca','Seguros',NULL,NULL,35.37,'Expense','Gustavo',NULL,'2025-10-25','pending','2025-09-03 16:40:44'),(75,'Seguro Vida Hipoteca','Casa','Hipoteca','Seguros',NULL,NULL,35.37,'Expense','Gustavo',NULL,'2025-11-25','pending','2025-09-03 16:40:51'),(76,'Seguro Vida Hipoteca','Casa','Hipoteca','Seguros',NULL,NULL,35.37,'Expense','Gustavo',NULL,'2025-12-25','pending','2025-09-03 16:40:58'),(77,'Água','Casa','Energia & Água','Água','uploads/68b8723db348f4.34721483.pdf',NULL,18.01,'Expense','Gustavo',NULL,'2024-02-01','paid','2025-09-03 16:52:13'),(78,'Água','Casa','Energia & Água','Água','uploads/68b872b7295c66.04276053.pdf',NULL,28.65,'Expense','Gustavo',NULL,'2024-03-27','paid','2025-09-03 16:54:15'),(79,'Água','Casa','Energia & Água','Água','uploads/68b872f1de9305.07505614.pdf',NULL,18.81,'Expense','Gustavo',NULL,'2024-04-24','paid','2025-09-03 16:55:13'),(80,'Água','Casa','Energia & Água','Água','uploads/68b87311e6bd08.93604336.pdf',NULL,28.41,'Expense','Gustavo',NULL,'2024-05-22','paid','2025-09-03 16:55:45'),(81,'Água','Casa','Energia & Água','Água','uploads/68b8733b9f7886.40806351.pdf',NULL,21.53,'Expense','Gustavo',NULL,'2024-06-20','paid','2025-09-03 16:56:27'),(82,'Água','Casa','Energia & Água','Água','uploads/68b8736b79fd75.49618909.pdf',NULL,19.32,'Expense','Gustavo',NULL,'2024-07-19','paid','2025-09-03 16:57:02'),(83,'Água','Casa','Energia & Água','Água','uploads/68b873a32def85.01166972.pdf',NULL,28.38,'Expense','Gustavo',NULL,'2024-08-22','paid','2025-09-03 16:58:11'),(84,'Água','Casa','Energia & Água','Água','uploads/68b873c898e451.97185100.pdf',NULL,19.32,'Expense','Gustavo',NULL,'2024-09-20','paid','2025-09-03 16:58:48'),(85,'Água','Casa','Energia & Água','Água','uploads/68b873e95cde33.79873801.pdf',NULL,26.78,'Expense','Gustavo',NULL,'2024-10-23','paid','2025-09-03 16:59:21'),(86,'Água','Casa','Energia & Água','Água','uploads/68b87406244fe9.38372433.pdf',NULL,25.97,'Expense','Gustavo',NULL,'2024-11-23','paid','2025-09-03 16:59:50'),(87,'Água','Casa','Energia & Água','Água','uploads/68b87431702140.04791279.pdf',NULL,23.20,'Expense','Gustavo',NULL,'2024-12-20','paid','2025-09-03 17:00:33'),(88,'Hipoteca','Casa','Hipoteca','Empréstimo',NULL,NULL,325.96,'Expense','Gustavo',NULL,'2025-09-25','pending','2025-09-03 22:32:55'),(89,'Hipoteca','Casa','Hipoteca','Empréstimo',NULL,NULL,66.41,'Expense','Gustavo',NULL,'2025-09-25','pending','2025-09-03 22:33:08'),(91,'Hipoteca','Casa','Hipoteca',NULL,NULL,NULL,72.77,'Expense','Gustavo',NULL,'2025-03-25','paid','2025-09-04 08:22:10'),(93,'Hipoteca','Casa','Hipoteca',NULL,NULL,NULL,72.77,'Expense','Gustavo',NULL,'2025-02-25','paid','2025-09-04 08:23:00'),(95,'Hipoteca','Casa','Hipoteca',NULL,NULL,NULL,72.77,'Expense','Gustavo',NULL,'2025-04-25','paid','2025-09-04 08:23:20'),(96,'Hipoteca','Casa','Hipoteca',NULL,NULL,NULL,341.92,'Expense','Gustavo',NULL,'2025-05-25','paid','2025-09-04 08:24:31'),(97,'Hipoteca','Casa','Hipoteca',NULL,NULL,NULL,69.83,'Expense','Gustavo',NULL,'2025-05-25','paid','2025-09-04 08:24:50'),(100,'Quotas Outubro','Casa','Condomínio',NULL,NULL,NULL,55.92,'Expense','Gustavo',NULL,'2025-10-04','pending','2025-09-04 08:30:29'),(101,'Hipoteca','Casa','Hipoteca',NULL,NULL,NULL,66.41,'Expense','Gustavo',NULL,'2025-10-25','pending','2025-09-04 08:31:39'),(102,'Hipoteca','Casa','Hipoteca',NULL,NULL,NULL,325.96,'Expense','Gustavo',NULL,'2025-10-25','pending','2025-09-04 08:31:49'),(103,'Quotas Novembro','Casa','Condomínio',NULL,NULL,NULL,55.92,'Expense','Gustavo',NULL,'2025-11-04','pending','2025-09-04 08:37:32'),(104,'Quotas Dezembro','Casa','Condomínio',NULL,NULL,NULL,55.92,'Expense','Gustavo',NULL,'2025-12-04','pending','2025-09-04 08:38:04'),(171,'Obras Condomínio (1/73)','Casa','Condomínio',NULL,NULL,7,162.56,'Expense','Gustavo',NULL,'2023-04-17','paid','2025-09-04 11:12:31'),(172,'Obras Condomínio (2/73)','Casa','Condomínio',NULL,NULL,7,162.56,'Expense','Gustavo',NULL,'2023-05-17','paid','2025-09-04 11:12:31'),(173,'Obras Condomínio (3/73)','Casa','Condomínio',NULL,NULL,7,162.56,'Expense','Gustavo',NULL,'2023-06-17','paid','2025-09-04 11:12:31'),(174,'Obras Condomínio (4/73)','Casa','Condomínio',NULL,NULL,7,162.56,'Expense','Gustavo',NULL,'2023-07-17','paid','2025-09-04 11:12:31'),(175,'Obras Condomínio (5/73)','Casa','Condomínio',NULL,NULL,7,162.56,'Expense','Gustavo',NULL,'2023-08-17','paid','2025-09-04 11:12:31'),(176,'Obras Condomínio (6/73)','Casa','Condomínio',NULL,NULL,7,162.56,'Expense','Gustavo',NULL,'2023-09-17','paid','2025-09-04 11:12:31'),(177,'Obras Condomínio (7/73)','Casa','Condomínio',NULL,NULL,7,162.56,'Expense','Gustavo',NULL,'2023-10-17','paid','2025-09-04 11:12:31'),(178,'Obras Condomínio (8/73)','Casa','Condomínio',NULL,NULL,7,162.56,'Expense','Gustavo',NULL,'2023-11-17','paid','2025-09-04 11:12:31'),(179,'Obras Condomínio (9/73)','Casa','Condomínio',NULL,NULL,7,162.56,'Expense','Gustavo',NULL,'2023-12-17','paid','2025-09-04 11:12:31'),(180,'Obras Condomínio (10/73)','Casa','Condomínio',NULL,NULL,7,162.56,'Expense','Gustavo',NULL,'2024-01-17','paid','2025-09-04 11:12:31'),(181,'Obras Condomínio (11/73)','Casa','Condomínio',NULL,NULL,7,162.56,'Expense','Gustavo',NULL,'2024-02-17','paid','2025-09-04 11:12:31'),(182,'Obras Condomínio (12/73)','Casa','Condomínio',NULL,NULL,7,162.56,'Expense','Gustavo',NULL,'2024-03-17','paid','2025-09-04 11:12:31'),(183,'Obras Condomínio (13/73)','Casa','Condomínio',NULL,NULL,7,162.56,'Expense','Gustavo',NULL,'2024-04-17','paid','2025-09-04 11:12:31'),(184,'Obras Condomínio (14/73)','Casa','Condomínio',NULL,NULL,7,162.56,'Expense','Gustavo',NULL,'2024-05-17','paid','2025-09-04 11:12:31'),(185,'Obras Condomínio (15/73)','Casa','Condomínio',NULL,NULL,7,162.56,'Expense','Gustavo',NULL,'2024-06-17','paid','2025-09-04 11:12:31'),(186,'Obras Condomínio (16/73)','Casa','Condomínio',NULL,NULL,7,162.56,'Expense','Gustavo',NULL,'2024-07-17','paid','2025-09-04 11:12:31'),(187,'Obras Condomínio (17/73)','Casa','Condomínio',NULL,NULL,7,162.56,'Expense','Gustavo',NULL,'2024-08-17','paid','2025-09-04 11:12:31'),(188,'Obras Condomínio (18/73)','Casa','Condomínio',NULL,NULL,7,162.56,'Expense','Gustavo',NULL,'2024-09-17','paid','2025-09-04 11:12:31'),(189,'Obras Condomínio (19/73)','Casa','Condomínio',NULL,NULL,7,162.56,'Expense','Gustavo',NULL,'2024-10-17','paid','2025-09-04 11:12:31'),(190,'Obras Condomínio (20/73)','Casa','Condomínio',NULL,NULL,7,162.56,'Expense','Gustavo',NULL,'2024-11-17','paid','2025-09-04 11:12:31'),(191,'Obras Condomínio (21/73)','Casa','Condomínio',NULL,NULL,7,162.56,'Expense','Gustavo',NULL,'2024-12-17','paid','2025-09-04 11:12:31'),(192,'Obras Condomínio (22/73)','Casa','Condomínio',NULL,NULL,7,162.56,'Expense','Gustavo',NULL,'2025-01-17','paid','2025-09-04 11:12:31'),(193,'Obras Condomínio (23/73)','Casa','Condomínio',NULL,NULL,7,162.56,'Expense','Gustavo',NULL,'2025-02-17','paid','2025-09-04 11:12:31'),(194,'Obras Condomínio (24/73)','Casa','Condomínio',NULL,NULL,7,162.56,'Expense','Gustavo',NULL,'2025-03-17','paid','2025-09-04 11:12:31'),(195,'Obras Condomínio (25/73)','Casa','Condomínio',NULL,NULL,7,162.56,'Expense','Gustavo',NULL,'2025-04-17','paid','2025-09-04 11:12:31'),(196,'Obras Condomínio (26/73)','Casa','Condomínio',NULL,NULL,7,162.56,'Expense','Gustavo',NULL,'2025-05-17','paid','2025-09-04 11:12:31'),(197,'Obras Condomínio (27/73)','Casa','Condomínio',NULL,NULL,7,162.56,'Expense','Gustavo',NULL,'2025-06-17','paid','2025-09-04 11:12:31'),(198,'Obras Condomínio (28/73)','Casa','Condomínio','Obras',NULL,7,162.56,'Expense','Gustavo',NULL,'2025-07-17','paid','2025-09-04 11:12:31'),(199,'Obras Condomínio (29/73)','Casa','Condomínio','Obras',NULL,7,162.56,'Expense','Gustavo',NULL,'2025-08-17','paid','2025-09-04 11:12:31'),(244,'Obras Condomínio (30/73)','Casa','Condomínio','Obras',NULL,7,162.56,'Expense','Gustavo',NULL,'2025-09-17','pending','2025-09-04 11:23:29'),(245,'Obras Condomínio (31/73)','Casa','Condomínio',NULL,NULL,7,162.56,'Expense','Gustavo',NULL,'2025-10-17','pending','2025-09-04 11:23:29'),(246,'Obras Condomínio (32/73)','Casa','Condomínio',NULL,NULL,7,162.56,'Expense','Gustavo',NULL,'2025-11-17','pending','2025-09-04 11:23:29'),(247,'Obras Condomínio (33/73)','Casa','Condomínio',NULL,NULL,7,162.56,'Expense','Gustavo',NULL,'2025-12-17','pending','2025-09-04 11:23:29'),(248,'Obras Condomínio (34/73)','Casa','Condomínio',NULL,NULL,7,162.56,'Expense','Gustavo',NULL,'2026-01-17','pending','2025-09-04 11:23:29'),(249,'Obras Condomínio (35/73)','Casa','Condomínio',NULL,NULL,7,162.56,'Expense','Gustavo',NULL,'2026-02-17','pending','2025-09-04 11:23:29'),(250,'Obras Condomínio (36/73)','Casa','Condomínio',NULL,NULL,7,162.56,'Expense','Gustavo',NULL,'2026-03-17','pending','2025-09-04 11:23:29'),(251,'Obras Condomínio (37/73)','Casa','Condomínio',NULL,NULL,7,162.56,'Expense','Gustavo',NULL,'2026-04-17','pending','2025-09-04 11:23:29'),(252,'Obras Condomínio (38/73)','Casa','Condomínio',NULL,NULL,7,162.56,'Expense','Gustavo',NULL,'2026-05-17','pending','2025-09-04 11:23:29'),(253,'Obras Condomínio (39/73)','Casa','Condomínio',NULL,NULL,7,162.56,'Expense','Gustavo',NULL,'2026-06-17','pending','2025-09-04 11:23:29'),(254,'Obras Condomínio (40/73)','Casa','Condomínio',NULL,NULL,7,162.56,'Expense','Gustavo',NULL,'2026-07-17','pending','2025-09-04 11:23:29'),(255,'Obras Condomínio (41/73)','Casa','Condomínio',NULL,NULL,7,162.56,'Expense','Gustavo',NULL,'2026-08-17','pending','2025-09-04 11:23:29'),(256,'Obras Condomínio (42/73)','Casa','Condomínio',NULL,NULL,7,162.56,'Expense','Gustavo',NULL,'2026-09-17','pending','2025-09-04 11:23:29'),(257,'Obras Condomínio (43/73)','Casa','Condomínio',NULL,NULL,7,162.56,'Expense','Gustavo',NULL,'2026-10-17','pending','2025-09-04 11:23:29'),(258,'Obras Condomínio (44/73)','Casa','Condomínio',NULL,NULL,7,162.56,'Expense','Gustavo',NULL,'2026-11-17','pending','2025-09-04 11:23:29'),(259,'Obras Condomínio (45/73)','Casa','Condomínio',NULL,NULL,7,162.56,'Expense','Gustavo',NULL,'2026-12-17','pending','2025-09-04 11:23:29'),(260,'Obras Condomínio (46/73)','Casa','Condomínio',NULL,NULL,7,162.56,'Expense','Gustavo',NULL,'2027-01-17','pending','2025-09-04 11:23:29'),(261,'Obras Condomínio (47/73)','Casa','Condomínio',NULL,NULL,7,162.56,'Expense','Gustavo',NULL,'2027-02-17','pending','2025-09-04 11:23:29'),(262,'Obras Condomínio (48/73)','Casa','Condomínio',NULL,NULL,7,162.56,'Expense','Gustavo',NULL,'2027-03-17','pending','2025-09-04 11:23:29'),(263,'Obras Condomínio (49/73)','Casa','Condomínio',NULL,NULL,7,162.56,'Expense','Gustavo',NULL,'2027-04-17','pending','2025-09-04 11:23:29'),(264,'Obras Condomínio (50/73)','Casa','Condomínio',NULL,NULL,7,162.56,'Expense','Gustavo',NULL,'2027-05-17','pending','2025-09-04 11:23:29'),(265,'Obras Condomínio (51/73)','Casa','Condomínio',NULL,NULL,7,162.56,'Expense','Gustavo',NULL,'2027-06-17','pending','2025-09-04 11:23:29'),(266,'Obras Condomínio (52/73)','Casa','Condomínio',NULL,NULL,7,162.56,'Expense','Gustavo',NULL,'2027-07-17','pending','2025-09-04 11:23:29'),(267,'Obras Condomínio (53/73)','Casa','Condomínio',NULL,NULL,7,162.56,'Expense','Gustavo',NULL,'2027-08-17','pending','2025-09-04 11:23:29'),(268,'Obras Condomínio (54/73)','Casa','Condomínio',NULL,NULL,7,162.56,'Expense','Gustavo',NULL,'2027-09-17','pending','2025-09-04 11:23:29'),(269,'Obras Condomínio (55/73)','Casa','Condomínio',NULL,NULL,7,162.56,'Expense','Gustavo',NULL,'2027-10-17','pending','2025-09-04 11:23:29'),(270,'Obras Condomínio (56/73)','Casa','Condomínio',NULL,NULL,7,162.56,'Expense','Gustavo',NULL,'2027-11-17','pending','2025-09-04 11:23:29'),(271,'Obras Condomínio (57/73)','Casa','Condomínio',NULL,NULL,7,162.56,'Expense','Gustavo',NULL,'2027-12-17','pending','2025-09-04 11:23:29'),(272,'Obras Condomínio (58/73)','Casa','Condomínio',NULL,NULL,7,162.56,'Expense','Gustavo',NULL,'2028-01-17','pending','2025-09-04 11:23:29'),(273,'Obras Condomínio (59/73)','Casa','Condomínio',NULL,NULL,7,162.56,'Expense','Gustavo',NULL,'2028-02-17','pending','2025-09-04 11:23:29'),(274,'Obras Condomínio (60/73)','Casa','Condomínio',NULL,NULL,7,162.56,'Expense','Gustavo',NULL,'2028-03-17','pending','2025-09-04 11:23:29'),(275,'Obras Condomínio (61/73)','Casa','Condomínio',NULL,NULL,7,162.56,'Expense','Gustavo',NULL,'2028-04-17','pending','2025-09-04 11:23:29'),(276,'Obras Condomínio (62/73)','Casa','Condomínio',NULL,NULL,7,162.56,'Expense','Gustavo',NULL,'2028-05-17','pending','2025-09-04 11:23:29'),(277,'Obras Condomínio (63/73)','Casa','Condomínio',NULL,NULL,7,162.56,'Expense','Gustavo',NULL,'2028-06-17','pending','2025-09-04 11:23:29'),(278,'Obras Condomínio (64/73)','Casa','Condomínio',NULL,NULL,7,162.56,'Expense','Gustavo',NULL,'2028-07-17','pending','2025-09-04 11:23:29'),(279,'Obras Condomínio (65/73)','Casa','Condomínio',NULL,NULL,7,162.56,'Expense','Gustavo',NULL,'2028-08-17','pending','2025-09-04 11:23:29'),(280,'Obras Condomínio (66/73)','Casa','Condomínio',NULL,NULL,7,162.56,'Expense','Gustavo',NULL,'2028-09-17','pending','2025-09-04 11:23:29'),(281,'Obras Condomínio (67/73)','Casa','Condomínio',NULL,NULL,7,162.56,'Expense','Gustavo',NULL,'2028-10-17','pending','2025-09-04 11:23:29'),(282,'Obras Condomínio (68/73)','Casa','Condomínio',NULL,NULL,7,162.56,'Expense','Gustavo',NULL,'2028-11-17','pending','2025-09-04 11:23:29'),(283,'Obras Condomínio (69/73)','Casa','Condomínio',NULL,NULL,7,162.56,'Expense','Gustavo',NULL,'2028-12-17','pending','2025-09-04 11:23:29'),(284,'Obras Condomínio (70/73)','Casa','Condomínio',NULL,NULL,7,162.56,'Expense','Gustavo',NULL,'2029-01-17','pending','2025-09-04 11:23:29'),(285,'Obras Condomínio (71/73)','Casa','Condomínio',NULL,NULL,7,162.56,'Expense','Gustavo',NULL,'2029-02-17','pending','2025-09-04 11:23:29'),(286,'Obras Condomínio (72/73)','Casa','Condomínio',NULL,NULL,7,162.56,'Expense','Gustavo',NULL,'2029-03-17','pending','2025-09-04 11:23:29'),(287,'Obras Condomínio (73/73)','Casa','Condomínio',NULL,NULL,7,162.56,'Expense','Gustavo',NULL,'2029-04-17','pending','2025-09-04 11:23:29'),(288,'Coopernico','Casa','Energia & Água','Energia','uploads/68b97b84594fd9.57710264.pdf',NULL,102.11,'Expense','Gustavo',NULL,'2024-03-09','paid','2025-09-04 11:44:04'),(289,'Coopernico','Casa','Energia & Água','Energia','uploads/68b97bdaee9429.08659720.pdf',NULL,49.04,'Expense','Gustavo',NULL,'2024-04-13','paid','2025-09-04 11:45:30'),(290,'Coopernico','Casa','Energia & Água','Energia','uploads/68b97c144d3816.77325949.pdf',NULL,45.34,'Expense','Gustavo',NULL,'2024-05-11','paid','2025-09-04 11:46:28'),(291,'Coopernico','Casa','Energia & Água','Energia','uploads/68b97c3b8e2181.57814087.pdf',NULL,48.86,'Expense','Gustavo',NULL,'2024-06-08','paid','2025-09-04 11:47:07'),(292,'Coopernico','Casa','Energia & Água','Energia','uploads/68b97c66a80596.98869916.pdf',NULL,61.63,'Expense','Gustavo',NULL,'2024-07-20','paid','2025-09-04 11:47:50'),(293,'Coopernico','Casa','Energia & Água','Energia','uploads/68b97c997c9849.28844776.pdf',NULL,64.77,'Expense','Gustavo',NULL,'2024-08-10','paid','2025-09-04 11:48:41'),(294,'Coopernico','Casa','Energia & Água','Energia','uploads/68b97cc060be02.88917593.pdf',NULL,84.57,'Expense','Gustavo',NULL,'2024-09-07','paid','2025-09-04 11:49:20'),(295,'Coopernico','Casa','Energia & Água','Energia','uploads/68b97ceecd7815.46831026.pdf',NULL,53.17,'Expense','Gustavo',NULL,'2024-09-25','paid','2025-09-04 11:50:06'),(296,'Coopernico','Casa','Energia & Água','Energia','uploads/68b97d310e72b3.71617884.pdf',NULL,113.49,'Expense','Gustavo',NULL,'2024-12-07','paid','2025-09-04 11:51:13'),(297,'Coopernico','Casa','Energia & Água','Energia','uploads/68b97d6c839ce8.23793671.pdf',NULL,26.45,'Expense','Gustavo',NULL,'2024-12-14','paid','2025-09-04 11:52:12'),(298,'Coopernico','Casa','Energia & Água','Energia','uploads/68b97d931948c2.66142863.pdf',NULL,88.05,'Expense','Gustavo',NULL,'2025-06-07','paid','2025-09-04 11:52:51'),(299,'Coopernico','Casa','Energia & Água','Energia','uploads/68b97dda06e6f3.99078663.pdf',NULL,77.69,'Expense','Gustavo',NULL,'2025-07-16','paid','2025-09-04 11:54:02'),(300,'G9','Casa','Energia & Água','Energia','uploads/68b9802beb70c6.96568397.pdf',NULL,80.16,'Expense','Gustavo',NULL,'2025-03-31','paid','2025-09-04 12:03:55'),(301,'G9','Casa','Energia & Água','Energia','uploads/68b98054a7f505.01640707.pdf',NULL,48.73,'Expense','Gustavo',NULL,'2025-04-20','paid','2025-09-04 12:04:36'),(302,'Hipoteca','Casa','Hipoteca',NULL,NULL,NULL,289.03,'Expense','Gustavo',NULL,'2023-01-25','paid','2025-09-04 14:22:03'),(303,'Hipoteca','Casa','Hipoteca',NULL,NULL,NULL,60.02,'Expense','Gustavo',NULL,'2023-01-25','paid','2025-09-04 14:22:22'),(304,'Hipoteca','Casa','Hipoteca',NULL,NULL,NULL,326.89,'Expense','Gustavo',NULL,'2023-02-25','paid','2025-09-04 14:27:22'),(305,'Hipoteca','Casa','Hipoteca',NULL,NULL,NULL,326.89,'Expense','Gustavo',NULL,'2023-03-25','paid','2025-09-04 14:27:22'),(306,'Hipoteca','Casa','Hipoteca',NULL,NULL,NULL,326.89,'Expense','Gustavo',NULL,'2023-04-25','paid','2025-09-04 14:27:22'),(307,'Hipoteca','Casa','Hipoteca',NULL,NULL,NULL,68.10,'Expense','Gustavo',NULL,'2023-02-25','paid','2025-09-04 14:28:04'),(308,'Hipoteca','Casa','Hipoteca',NULL,NULL,NULL,68.10,'Expense','Gustavo',NULL,'2023-03-25','paid','2025-09-04 14:28:04'),(309,'Hipoteca','Casa','Hipoteca',NULL,NULL,NULL,68.10,'Expense','Gustavo',NULL,'2023-04-25','paid','2025-09-04 14:28:04'),(310,'Hipoteca','Casa','Hipoteca',NULL,NULL,NULL,359.13,'Expense','Gustavo',NULL,'2023-05-25','paid','2025-09-04 14:30:03'),(311,'Hipoteca','Casa','Hipoteca',NULL,NULL,NULL,359.13,'Expense','Gustavo',NULL,'2023-06-25','paid','2025-09-04 14:30:03'),(312,'Hipoteca','Casa','Hipoteca',NULL,NULL,NULL,359.13,'Expense','Gustavo',NULL,'2023-07-25','paid','2025-09-04 14:30:03'),(313,'Hipoteca','Casa','Hipoteca',NULL,NULL,NULL,74.94,'Expense','Gustavo',NULL,'2023-05-25','paid','2025-09-04 14:30:35'),(314,'Hipoteca','Casa','Hipoteca',NULL,NULL,NULL,74.94,'Expense','Gustavo',NULL,'2023-06-25','paid','2025-09-04 14:30:35'),(315,'Hipoteca','Casa','Hipoteca',NULL,NULL,NULL,74.94,'Expense','Gustavo',NULL,'2023-07-25','paid','2025-09-04 14:30:35'),(316,'Hipoteca','Casa','Hipoteca',NULL,NULL,NULL,80.16,'Expense','Gustavo',NULL,'2023-08-25','paid','2025-09-04 14:31:46'),(317,'Hipoteca','Casa','Hipoteca',NULL,NULL,NULL,80.16,'Expense','Gustavo',NULL,'2023-09-25','paid','2025-09-04 14:31:46'),(318,'Hipoteca','Casa','Hipoteca',NULL,NULL,NULL,80.16,'Expense','Gustavo',NULL,'2023-10-25','paid','2025-09-04 14:31:46'),(319,'Hipoteca','Casa','Hipoteca',NULL,NULL,NULL,383.77,'Expense','Gustavo',NULL,'2023-08-25','paid','2025-09-04 14:32:22'),(320,'Hipoteca','Casa','Hipoteca',NULL,NULL,NULL,383.77,'Expense','Gustavo',NULL,'2023-09-25','paid','2025-09-04 14:32:22'),(321,'Hipoteca','Casa','Hipoteca',NULL,NULL,NULL,383.77,'Expense','Gustavo',NULL,'2023-10-25','paid','2025-09-04 14:32:22'),(322,'Hipoteca','Casa','Hipoteca',NULL,NULL,NULL,395.87,'Expense','Gustavo',NULL,'2023-11-25','paid','2025-09-04 14:33:15'),(323,'Hipoteca','Casa','Hipoteca',NULL,NULL,NULL,395.87,'Expense','Gustavo',NULL,'2023-12-25','paid','2025-09-04 14:33:15'),(324,'Hipoteca','Casa','Hipoteca',NULL,NULL,NULL,395.87,'Expense','Gustavo',NULL,'2024-01-25','paid','2025-09-04 14:33:15'),(325,'Hipoteca','Casa','Hipoteca',NULL,NULL,NULL,81.35,'Expense','Gustavo',NULL,'2023-11-25','paid','2025-09-04 14:34:11'),(326,'Hipoteca','Casa','Hipoteca',NULL,NULL,NULL,81.35,'Expense','Gustavo',NULL,'2023-12-25','paid','2025-09-04 14:34:11'),(327,'Hipoteca','Casa','Hipoteca',NULL,NULL,NULL,81.35,'Expense','Gustavo',NULL,'2024-01-25','paid','2025-09-04 14:34:11'),(328,'Hipoteca','Casa','Hipoteca',NULL,NULL,NULL,398.09,'Expense','Gustavo',NULL,'2024-02-25','paid','2025-09-04 14:40:05'),(329,'Hipoteca','Casa','Hipoteca',NULL,NULL,NULL,398.09,'Expense','Gustavo',NULL,'2024-03-25','paid','2025-09-04 14:40:05'),(330,'Hipoteca','Casa','Hipoteca',NULL,NULL,NULL,398.09,'Expense','Gustavo',NULL,'2024-04-25','paid','2025-09-04 14:40:05'),(343,'Hipoteca','Casa','Hipoteca',NULL,NULL,NULL,81.80,'Expense','Gustavo',NULL,'2024-02-25','paid','2025-09-04 14:40:34'),(344,'Hipoteca','Casa','Hipoteca',NULL,NULL,NULL,81.80,'Expense','Gustavo',NULL,'2024-03-25','paid','2025-09-04 14:40:34'),(345,'Hipoteca','Casa','Hipoteca',NULL,NULL,NULL,81.80,'Expense','Gustavo',NULL,'2024-04-25','paid','2025-09-04 14:40:34'),(346,'Hipoteca','Casa','Hipoteca',NULL,NULL,NULL,397.61,'Expense','Gustavo',NULL,'2024-05-25','paid','2025-09-04 14:44:59'),(347,'Hipoteca','Casa','Hipoteca',NULL,NULL,NULL,397.61,'Expense','Gustavo',NULL,'2024-06-25','paid','2025-09-04 14:44:59'),(348,'Hipoteca','Casa','Hipoteca',NULL,NULL,NULL,397.61,'Expense','Gustavo',NULL,'2024-07-25','paid','2025-09-04 14:44:59'),(349,'Hipoteca','Casa','Hipoteca',NULL,NULL,NULL,81.70,'Expense','Gustavo',NULL,'2024-05-25','paid','2025-09-04 14:45:24'),(350,'Hipoteca','Casa','Hipoteca',NULL,NULL,NULL,81.70,'Expense','Gustavo',NULL,'2024-06-25','paid','2025-09-04 14:45:24'),(351,'Hipoteca','Casa','Hipoteca',NULL,NULL,NULL,81.70,'Expense','Gustavo',NULL,'2024-07-25','paid','2025-09-04 14:45:24'),(352,'Hipoteca','Casa','Hipoteca',NULL,NULL,NULL,389.78,'Expense','Gustavo',NULL,'2024-08-25','paid','2025-09-04 14:46:42'),(353,'Hipoteca','Casa','Hipoteca',NULL,NULL,NULL,389.78,'Expense','Gustavo',NULL,'2024-09-25','paid','2025-09-04 14:46:42'),(354,'Hipoteca','Casa','Hipoteca',NULL,NULL,NULL,389.78,'Expense','Gustavo',NULL,'2024-10-25','paid','2025-09-04 14:46:42'),(355,'Hipoteca','Casa','Hipoteca',NULL,NULL,NULL,80.02,'Expense','Gustavo',NULL,'2024-08-25','paid','2025-09-04 14:47:07'),(356,'Hipoteca','Casa','Hipoteca',NULL,NULL,NULL,80.02,'Expense','Gustavo',NULL,'2024-09-25','paid','2025-09-04 14:47:07'),(357,'Hipoteca','Casa','Hipoteca',NULL,NULL,NULL,80.02,'Expense','Gustavo',NULL,'2024-10-25','paid','2025-09-04 14:47:07'),(358,'Hipoteca','Casa','Hipoteca',NULL,NULL,NULL,378.52,'Expense','Gustavo',NULL,'2024-11-25','paid','2025-09-04 14:49:01'),(359,'Hipoteca','Casa','Hipoteca',NULL,NULL,NULL,378.52,'Expense','Gustavo',NULL,'2024-12-25','paid','2025-09-04 14:49:01'),(360,'Hipoteca','Casa','Hipoteca','Empréstimo',NULL,NULL,378.52,'Expense','Gustavo',NULL,'2025-01-25','paid','2025-09-04 14:49:01'),(361,'Hipoteca','Casa','Hipoteca',NULL,NULL,NULL,77.63,'Expense','Gustavo',NULL,'2024-11-25','paid','2025-09-04 14:49:33'),(362,'Hipoteca','Casa','Hipoteca',NULL,NULL,NULL,77.63,'Expense','Gustavo',NULL,'2024-12-25','paid','2025-09-04 14:49:33'),(363,'Hipoteca','Casa','Hipoteca','Empréstimo',NULL,NULL,77.63,'Expense','Gustavo',NULL,'2025-01-25','paid','2025-09-04 14:49:33'),(364,'Hipoteca','Casa','Hipoteca',NULL,NULL,NULL,355.73,'Expense','Gustavo',NULL,'2025-02-25','paid','2025-09-04 14:52:38'),(365,'Hipoteca','Casa','Hipoteca',NULL,NULL,NULL,355.73,'Expense','Gustavo',NULL,'2025-03-25','paid','2025-09-04 14:52:38'),(366,'Hipoteca','Casa','Hipoteca',NULL,NULL,NULL,355.73,'Expense','Gustavo',NULL,'2025-04-25','paid','2025-09-04 14:52:38'),(367,'Seguro Vida Hipoteca','Casa','Hipoteca','Seguros',NULL,NULL,83.42,'Expense','Gustavo',NULL,'2023-01-01','paid','2025-09-04 14:54:50'),(368,'Seguro Vida Hipoteca','Casa','Hipoteca','Seguros',NULL,NULL,80.51,'Expense','Gustavo',NULL,'2023-02-01','paid','2025-09-04 14:56:56'),(369,'Seguro Vida Hipoteca','Casa','Hipoteca','Seguros',NULL,NULL,80.51,'Expense','Gustavo',NULL,'2023-03-01','paid','2025-09-04 14:57:19'),(370,'Seguro Vida Hipoteca','Casa','Hipoteca','Seguros',NULL,NULL,80.51,'Expense','Gustavo',NULL,'2023-04-01','paid','2025-09-04 14:58:56'),(371,'Seguro Vida Hipoteca','Casa','Hipoteca','Seguros',NULL,NULL,80.51,'Expense','Gustavo',NULL,'2023-05-01','paid','2025-09-04 14:58:56'),(372,'Seguro Vida Hipoteca','Casa','Hipoteca','Seguros',NULL,NULL,80.51,'Expense','Gustavo',NULL,'2023-06-01','paid','2025-09-04 14:58:56'),(373,'Seguro Vida Hipoteca','Casa','Hipoteca','Seguros',NULL,NULL,80.51,'Expense','Gustavo',NULL,'2023-07-01','paid','2025-09-04 14:58:56'),(374,'Seguro Vida Hipoteca','Casa','Hipoteca','Seguros',NULL,NULL,80.51,'Expense','Gustavo',NULL,'2023-08-01','paid','2025-09-04 14:58:56'),(375,'Seguro Vida Hipoteca','Casa','Hipoteca','Seguros',NULL,NULL,80.51,'Expense','Gustavo',NULL,'2023-09-01','paid','2025-09-04 14:58:56'),(376,'Seguro Vida Hipoteca','Casa','Hipoteca','Seguros',NULL,NULL,80.51,'Expense','Gustavo',NULL,'2023-10-01','paid','2025-09-04 14:58:56'),(377,'Seguro Vida Hipoteca','Casa','Hipoteca','Seguros',NULL,NULL,80.51,'Expense','Gustavo',NULL,'2023-11-01','paid','2025-09-04 14:58:56'),(378,'Seguro Vida Hipoteca','Casa','Hipoteca','Seguros',NULL,NULL,80.51,'Expense','Gustavo',NULL,'2023-12-01','paid','2025-09-04 14:58:56'),(379,'Água','Casa','Energia & Água','Água','uploads/68b9aa9765deb9.39873278.pdf',NULL,21.88,'Expense','Gustavo',NULL,'2023-01-21','paid','2025-09-04 15:04:55'),(380,'Água','Casa','Energia & Água','Água','uploads/68b9aac1d9c1e3.41385310.pdf',NULL,22.49,'Expense','Gustavo',NULL,'2023-02-22','paid','2025-09-04 15:05:37'),(381,'Água','Casa','Energia & Água','Água','uploads/68b9aafc5e2f06.87399029.pdf',NULL,18.16,'Expense','Gustavo',NULL,'2023-03-23','paid','2025-09-04 15:06:36'),(382,'Água','Casa','Energia & Água','Água','uploads/68b9ab29245554.00225366.pdf',NULL,22.81,'Expense','Gustavo',NULL,'2023-04-20','paid','2025-09-04 15:07:21'),(383,'Água','Casa','Energia & Água','Água','uploads/68b9ab531a8047.58017354.pdf',NULL,22.78,'Expense','Gustavo',NULL,'2023-05-24','paid','2025-09-04 15:08:03'),(384,'Água','Casa','Energia & Água','Água','uploads/68b9ab7b02cfb3.94864360.pdf',NULL,20.25,'Expense','Gustavo',NULL,'2023-06-21','paid','2025-09-04 15:08:43'),(385,'Água','Casa','Energia & Água','Água','uploads/68b9aba36279c9.09189026.pdf',NULL,20.72,'Expense','Gustavo',NULL,'2023-07-21','paid','2025-09-04 15:09:23'),(386,'Água','Casa','Energia & Água','Água','uploads/68b9abc904ac67.49703236.pdf',NULL,18.37,'Expense','Gustavo',NULL,'2023-08-19','paid','2025-09-04 15:10:01'),(387,'Água','Casa','Energia & Água','Água','uploads/68b9abff5cca86.69676813.pdf',NULL,21.24,'Expense','Gustavo',NULL,'2023-09-21','paid','2025-09-04 15:10:55'),(388,'Água','Casa','Energia & Água','Água','uploads/68b9ac21c167c9.54613664.pdf',NULL,20.20,'Expense','Gustavo',NULL,'2023-10-21','paid','2025-09-04 15:11:29'),(389,'Água','Casa','Energia & Água','Água','uploads/68b9ac43b25522.13352722.pdf',NULL,23.36,'Expense','Gustavo',NULL,'2023-11-22','paid','2025-09-04 15:12:03'),(390,'Água','Casa','Energia & Água','Água','uploads/68b9ac6bce4a55.30812627.pdf',NULL,22.84,'Expense','Gustavo',NULL,'2023-12-26','paid','2025-09-04 15:12:43'),(391,'Água','Casa','Energia & Água','Água','uploads/68b9acd785f378.79071155.pdf',NULL,23.09,'Expense','Gustavo',NULL,'2024-01-24','paid','2025-09-04 15:14:31'),(392,'GoldEnergy','Casa','Energia & Água','Energia','uploads/68b9ae86d63012.91434708.pdf',NULL,59.15,'Expense','Gustavo',NULL,'2023-12-06','paid','2025-09-04 15:21:42'),(393,'GoldEnergy','Casa','Energia & Água','Energia','uploads/68b9aeccd90c37.35752633.pdf',NULL,57.74,'Expense','Gustavo',NULL,'2024-01-05','paid','2025-09-04 15:22:52'),(394,'GoldEnergy','Casa','Energia & Água','Energia','uploads/68b9af01c3aa90.75647699.pdf',NULL,63.84,'Expense','Gustavo',NULL,'2024-01-31','paid','2025-09-04 15:23:45'),(395,'Luzboa','Casa','Energia & Água','Energia','uploads/68b9af90df7af3.03868627.pdf',NULL,30.04,'Expense','Gustavo',NULL,'2023-03-13','paid','2025-09-04 15:26:08'),(396,'Luzboa','Casa','Energia & Água','Energia','uploads/68b9afdb7ed9b0.95458587.pdf',NULL,34.63,'Expense','Gustavo',NULL,'2023-04-03','paid','2025-09-04 15:27:23'),(397,'Luzboa','Casa','Energia & Água','Energia','uploads/68b9b007c4f054.91291598.pdf',NULL,7.75,'Expense','Gustavo',NULL,'2023-05-03','paid','2025-09-04 15:28:07'),(398,'Luzboa','Casa','Energia & Água','Energia','uploads/68b9b02ae9ceb6.49641534.pdf',NULL,15.18,'Expense','Gustavo',NULL,'2023-06-05','paid','2025-09-04 15:28:42'),(399,'Luzboa','Casa','Energia & Água','Energia','uploads/68b9b06507c411.11943624.pdf',NULL,10.97,'Expense','Gustavo',NULL,'2023-07-03','paid','2025-09-04 15:29:41'),(400,'Luzboa','Casa','Energia & Água','Energia','uploads/68b9b08c19a938.19601336.pdf',NULL,35.35,'Expense','Gustavo',NULL,'2023-08-01','paid','2025-09-04 15:30:20'),(401,'Luzboa','Casa','Energia & Água','Energia','uploads/68b9b0acdd3762.93523503.pdf',NULL,49.12,'Expense','Gustavo',NULL,'2023-09-04','paid','2025-09-04 15:30:52'),(402,'Luzboa','Casa','Energia & Água','Energia','uploads/68b9b0dbefcf89.49535308.pdf',NULL,51.88,'Expense','Gustavo',NULL,'2023-10-03','paid','2025-09-04 15:31:39'),(403,'Luzboa','Casa','Energia & Água','Energia','uploads/68b9b11f6ad576.46526595.pdf',NULL,38.85,'Expense','Gustavo',NULL,'2023-10-27','paid','2025-09-04 15:32:47'),(404,'Digi','Francisco','Comunicações',NULL,NULL,NULL,5.00,'Expense','Gustavo',NULL,'2025-02-05','paid','2025-09-04 16:36:57'),(405,'Digi','Francisco','Comunicações',NULL,NULL,NULL,5.00,'Expense','Gustavo',NULL,'2025-03-05','paid','2025-09-04 16:36:57'),(406,'Digi','Francisco','Comunicações',NULL,NULL,NULL,5.00,'Expense','Gustavo',NULL,'2025-04-05','paid','2025-09-04 16:36:57'),(407,'Digi','Francisco','Comunicações',NULL,NULL,NULL,5.00,'Expense','Gustavo',NULL,'2025-05-05','paid','2025-09-04 16:36:57'),(408,'Digi','Francisco','Comunicações',NULL,NULL,NULL,5.00,'Expense','Gustavo',NULL,'2025-06-05','paid','2025-09-04 16:36:57'),(409,'Digi','Francisco','Comunicações',NULL,NULL,NULL,5.00,'Expense','Gustavo',NULL,'2025-07-05','paid','2025-09-04 16:36:57'),(410,'Digi','Francisco','Comunicações',NULL,NULL,NULL,5.00,'Expense','Gustavo',NULL,'2025-08-05','paid','2025-09-04 16:36:57'),(411,'Digi','Francisco','Comunicações',NULL,NULL,NULL,5.00,'Expense','Gustavo',NULL,'2025-09-05','paid','2025-09-04 16:36:57'),(415,'Vodafone','Casa','Comunicações',NULL,NULL,NULL,74.79,'Expense','Filipa',NULL,'2025-03-10','paid','2025-09-04 16:53:51'),(416,'Vodafone','Casa','Comunicações',NULL,NULL,NULL,74.79,'Expense','Filipa',NULL,'2025-04-07','paid','2025-09-04 16:54:17'),(417,'Vodafone','Casa','Comunicações',NULL,NULL,NULL,74.79,'Expense','Filipa',NULL,'2025-05-12','paid','2025-09-04 16:54:42'),(418,'Vodafone','Casa','Comunicações',NULL,NULL,NULL,74.79,'Expense','Filipa',NULL,'2025-06-05','paid','2025-09-04 16:54:56'),(419,'Vodafone','Casa','Comunicações',NULL,NULL,NULL,74.79,'Expense','Filipa',NULL,'2025-07-08','paid','2025-09-04 16:55:15'),(420,'Vodafone','Casa','Comunicações',NULL,NULL,NULL,86.86,'Expense','Filipa',NULL,'2025-08-06','paid','2025-09-04 16:55:53'),(421,'Vodafone','Casa','Comunicações',NULL,NULL,NULL,88.04,'Expense','Filipa',NULL,'2025-09-05','paid','2025-09-04 16:56:50'),(422,'Vodafone','Casa','Comunicações',NULL,NULL,NULL,66.90,'Expense','Filipa',NULL,'2023-01-12','paid','2025-09-04 17:07:52'),(423,'Vodafone','Casa','Comunicações',NULL,NULL,NULL,66.90,'Expense','Filipa',NULL,'2023-02-10','paid','2025-09-04 17:08:21'),(424,'Vodafone','Casa','Comunicações',NULL,NULL,NULL,66.90,'Expense','Filipa',NULL,'2023-03-15','paid','2025-09-04 17:09:13'),(425,'Vodafone','Casa','Comunicações',NULL,NULL,NULL,69.48,'Expense','Filipa',NULL,'2023-04-13','paid','2025-09-04 17:10:37'),(426,'Vodafone','Casa','Comunicações',NULL,NULL,NULL,71.68,'Expense','Filipa',NULL,'2023-05-16','paid','2025-09-04 17:11:11'),(427,'Vodafone','Casa','Comunicações',NULL,NULL,NULL,71.67,'Expense','Filipa',NULL,'2023-06-14','paid','2025-09-04 17:11:48'),(428,'Vodafone','Casa','Comunicações',NULL,NULL,NULL,71.67,'Expense','Filipa',NULL,'2023-07-12','paid','2025-09-04 17:12:15'),(429,'Vodafone','Casa','Comunicações',NULL,NULL,NULL,71.67,'Expense','Filipa',NULL,'2023-08-10','paid','2025-09-04 17:12:42'),(430,'Vodafone','Casa','Comunicações',NULL,NULL,NULL,71.67,'Expense','Filipa',NULL,'2023-09-12','paid','2025-09-04 17:13:11'),(431,'Vodafone','Casa','Comunicações',NULL,NULL,NULL,71.67,'Expense','Filipa',NULL,'2023-10-12','paid','2025-09-04 17:13:37'),(432,'Vodafone','Casa','Comunicações',NULL,NULL,NULL,71.67,'Expense','Filipa',NULL,'2023-11-14','paid','2025-09-04 17:13:48'),(433,'Vodafone','Casa','Comunicações',NULL,NULL,NULL,74.67,'Expense','Filipa',NULL,'2023-12-14','paid','2025-09-04 17:14:11'),(434,'Vodafone','Casa','Comunicações',NULL,NULL,NULL,74.67,'Expense','Filipa',NULL,'2024-01-16','paid','2025-09-04 17:14:29'),(435,'Vodafone','Casa','Comunicações',NULL,NULL,NULL,74.67,'Expense','Filipa',NULL,'2024-02-14','paid','2025-09-04 17:14:56'),(436,'Vodafone','Casa','Comunicações',NULL,NULL,NULL,76.25,'Expense','Filipa',NULL,'2024-03-13','paid','2025-09-04 17:16:12'),(437,'Vodafone','Casa','Comunicações',NULL,NULL,NULL,77.54,'Expense','Filipa',NULL,'2024-04-12','paid','2025-09-04 17:18:04'),(438,'Vodafone','Casa','Comunicações',NULL,NULL,NULL,77.54,'Expense','Filipa',NULL,'2024-05-16','paid','2025-09-04 17:18:20'),(439,'Vodafone','Casa','Comunicações',NULL,NULL,NULL,77.54,'Expense','Filipa',NULL,'2024-06-20','paid','2025-09-04 17:18:32'),(440,'Vodafone','Casa','Comunicações',NULL,NULL,NULL,74.54,'Expense','Filipa',NULL,'2024-07-12','paid','2025-09-04 17:19:05'),(441,'Vodafone','Casa','Comunicações',NULL,NULL,NULL,30.26,'Expense','Filipa',NULL,'2024-08-10','paid','2025-09-04 17:19:36'),(442,'Vodafone','Casa','Comunicações',NULL,NULL,NULL,74.79,'Expense','Filipa',NULL,'2024-09-11','paid','2025-09-04 17:19:56'),(443,'Vodafone','Casa','Comunicações',NULL,NULL,NULL,74.79,'Expense','Filipa',NULL,'2024-10-11','paid','2025-09-04 17:20:21'),(444,'Vodafone','Casa','Comunicações',NULL,NULL,NULL,75.56,'Expense','Filipa',NULL,'2024-11-13','paid','2025-09-04 17:21:05'),(445,'Vodafone','Casa','Comunicações',NULL,NULL,NULL,74.79,'Expense','Filipa',NULL,'2024-12-12','paid','2025-09-04 17:21:47'),(446,'Vodafone','Casa','Comunicações',NULL,NULL,NULL,74.79,'Expense','Filipa',NULL,'2025-01-16','paid','2025-09-04 17:22:28'),(447,'Vodafone','Casa','Comunicações',NULL,NULL,NULL,74.79,'Expense','Filipa',NULL,'2025-02-05','paid','2025-09-04 17:22:44'),(448,'Salário',NULL,NULL,NULL,NULL,NULL,1634.93,'Income','Gustavo',NULL,'2025-08-25','paid','2025-09-04 18:36:11'),(452,'Salário + Subsídio Férias',NULL,NULL,NULL,NULL,NULL,2765.86,'Income','Gustavo',NULL,'2025-07-25','paid','2025-09-04 18:53:39'),(453,'Salário',NULL,NULL,NULL,NULL,NULL,1382.93,'Income','Gustavo',NULL,'2025-06-20','paid','2025-09-04 18:54:39'),(454,'Salário',NULL,NULL,NULL,NULL,NULL,1382.93,'Income','Gustavo',NULL,'2025-05-26','paid','2025-09-04 18:55:32'),(455,'Salário',NULL,NULL,NULL,NULL,NULL,1382.93,'Income','Gustavo',NULL,'2025-01-27','paid','2025-09-04 18:56:30'),(456,'Salário',NULL,NULL,NULL,NULL,NULL,1382.93,'Income','Gustavo',NULL,'2025-02-20','paid','2025-09-04 18:56:48'),(457,'Salário',NULL,NULL,NULL,NULL,NULL,1382.93,'Income','Gustavo',NULL,'2025-03-25','paid','2025-09-04 18:57:10'),(458,'Salário',NULL,NULL,NULL,NULL,NULL,1382.93,'Income','Gustavo',NULL,'2025-04-25','paid','2025-09-04 18:59:48'),(459,'A Casa','Francisco','Educação','Centro Estudos',NULL,NULL,105.00,'Expense','Filipa',NULL,'2025-09-08','pending','2025-09-04 19:02:16'),(460,'Snr Carlos','Francisco','Transportes','Sr. Carlos',NULL,NULL,35.00,'Expense','Filipa',NULL,'2025-09-01','pending','2025-09-04 19:03:32'),(461,'Snr Carlos','Francisco','Transportes','Sr. Carlos',NULL,NULL,35.00,'Expense','Filipa',NULL,'2025-10-01','pending','2025-09-04 19:03:32'),(462,'Snr Carlos','Francisco','Transportes','Sr. Carlos',NULL,NULL,35.00,'Expense','Filipa',NULL,'2025-11-01','pending','2025-09-04 19:03:32'),(463,'Snr Carlos','Francisco','Transportes','Sr. Carlos',NULL,NULL,35.00,'Expense','Filipa',NULL,'2025-12-01','pending','2025-09-04 19:03:32'),(464,'Snr Carlos','Francisco','Transportes','Sr. Carlos',NULL,NULL,35.00,'Expense','Filipa',NULL,'2026-01-01','pending','2025-09-04 19:03:32'),(465,'Snr Carlos','Francisco','Transportes','Sr. Carlos',NULL,NULL,35.00,'Expense','Filipa',NULL,'2026-02-01','pending','2025-09-04 19:03:32'),(466,'Snr Carlos','Francisco','Transportes','Sr. Carlos',NULL,NULL,35.00,'Expense','Filipa',NULL,'2026-03-01','pending','2025-09-04 19:03:32'),(467,'Snr Carlos','Francisco','Transportes','Sr. Carlos',NULL,NULL,35.00,'Expense','Filipa',NULL,'2026-04-01','pending','2025-09-04 19:03:32'),(468,'Snr Carlos','Francisco','Transportes','Sr. Carlos',NULL,NULL,35.00,'Expense','Filipa',NULL,'2026-05-01','pending','2025-09-04 19:03:32'),(469,'Snr Carlos','Francisco','Transportes','Sr. Carlos',NULL,NULL,35.00,'Expense','Filipa',NULL,'2026-06-01','pending','2025-09-04 19:03:32'),(470,'Salário',NULL,NULL,NULL,NULL,NULL,1283.60,'Income','Gustavo',NULL,'2023-02-27','paid','2025-09-05 08:09:34'),(471,'Salário',NULL,NULL,NULL,NULL,NULL,1299.67,'Income','Gustavo',NULL,'2023-01-30','paid','2025-09-05 08:11:30'),(472,'Salário',NULL,NULL,NULL,NULL,NULL,1280.00,'Income','Gustavo',NULL,'2023-04-28','paid','2025-09-05 08:13:12'),(473,'Salário',NULL,NULL,NULL,NULL,NULL,1303.00,'Income','Gustavo',NULL,'2023-05-30','paid','2025-09-05 08:15:00'),(474,'Salário',NULL,NULL,NULL,NULL,NULL,1305.36,'Income','Gustavo',NULL,'2023-03-29','paid','2025-09-05 08:16:10'),(475,'Salário',NULL,NULL,NULL,NULL,NULL,1385.32,'Income','Gustavo',NULL,'2023-06-23','paid','2025-09-05 08:16:58'),(476,'Salário',NULL,NULL,NULL,NULL,NULL,2713.89,'Income','Gustavo',NULL,'2023-07-27','paid','2025-09-05 08:17:36'),(477,'Salário',NULL,NULL,NULL,NULL,NULL,1423.07,'Income','Gustavo',NULL,'2023-08-23','paid','2025-09-05 08:18:25'),(478,'Salário',NULL,NULL,NULL,NULL,NULL,1417.32,'Income','Gustavo',NULL,'2023-09-23','paid','2025-09-05 08:21:57'),(479,'Salário',NULL,NULL,NULL,NULL,NULL,1417.32,'Income','Gustavo',NULL,'2023-10-23','paid','2025-09-05 08:22:15'),(480,'Salário',NULL,NULL,NULL,NULL,NULL,2713.89,'Income','Gustavo',NULL,'2023-11-23','paid','2025-09-05 08:22:44'),(481,'Salário',NULL,NULL,NULL,NULL,NULL,1901.35,'Income','Gustavo',NULL,'2023-12-23','paid','2025-09-05 08:23:15'),(482,'Salário',NULL,NULL,NULL,NULL,NULL,1474.07,'Income','Gustavo',NULL,'2024-01-29','paid','2025-09-05 08:24:54'),(483,'Salário',NULL,NULL,NULL,NULL,NULL,1360.93,'Income','Gustavo',NULL,'2024-03-25','paid','2025-09-05 08:26:58'),(484,'Salário',NULL,NULL,NULL,NULL,NULL,1360.93,'Income','Gustavo',NULL,'2024-04-24','paid','2025-09-05 08:27:21'),(485,'Salário',NULL,NULL,NULL,NULL,NULL,1360.93,'Income','Gustavo',NULL,'2024-05-24','paid','2025-09-05 08:27:49'),(486,'Salário',NULL,NULL,NULL,NULL,NULL,1360.93,'Income','Gustavo',NULL,'2024-06-24','paid','2025-09-05 08:28:15'),(487,'Salário',NULL,NULL,NULL,NULL,NULL,2721.86,'Income','Gustavo',NULL,'2024-07-24','paid','2025-09-05 08:29:00'),(488,'Salário',NULL,NULL,NULL,NULL,NULL,1360.93,'Income','Gustavo',NULL,'2024-08-24','paid','2025-09-05 08:29:21'),(489,'Salário',NULL,NULL,NULL,NULL,NULL,1628.93,'Income','Gustavo',NULL,'2024-09-24','paid','2025-09-05 08:30:04'),(490,'Salário',NULL,NULL,NULL,NULL,NULL,1628.93,'Income','Gustavo',NULL,'2024-10-24','paid','2025-09-05 08:30:25'),(491,'Salário',NULL,NULL,NULL,NULL,NULL,2755.86,'Income','Gustavo',NULL,'2024-11-24','paid','2025-09-05 08:30:58'),(492,'Salário',NULL,NULL,NULL,NULL,NULL,1409.87,'Income','Gustavo',NULL,'2024-12-24','paid','2025-09-05 08:31:24');
/*!40000 ALTER TABLE `transactions` ENABLE KEYS */;
UNLOCK TABLES;
/*!40103 SET TIME_ZONE=@OLD_TIME_ZONE */;

/*!40101 SET SQL_MODE=@OLD_SQL_MODE */;
/*!40014 SET FOREIGN_KEY_CHECKS=@OLD_FOREIGN_KEY_CHECKS */;
/*!40014 SET UNIQUE_CHECKS=@OLD_UNIQUE_CHECKS */;
/*!40101 SET CHARACTER_SET_CLIENT=@OLD_CHARACTER_SET_CLIENT */;
/*!40101 SET CHARACTER_SET_RESULTS=@OLD_CHARACTER_SET_RESULTS */;
/*!40101 SET COLLATION_CONNECTION=@OLD_COLLATION_CONNECTION */;
/*!40111 SET SQL_NOTES=@OLD_SQL_NOTES */;

-- Dump completed on 2025-09-05 13:08:37
